dag,algo,kind,label,seed,app_timeout_rate,task_timeout_rate,energy,delay_succ,delay_all,E_succ,E_all,UtilityScore_succ,UtilityScore_all,score,runtime_min,inference_time_ms,D_all_src,has_reeval,src_dir,mtime
chain,CPGAPPO,research,CPGAPPO,1,0.08,0.6873333333333334,0.2098752190916276,1.3849935436686929,1.366494791892745,0.2099822343107757,0.2099822343107757,0.5452121579284706,0.5458416893504155,8.701612703153264,46.78,6.334002617404069,result.json,False,main_comparison_20260824_203442,2026-08-24 21:21
chain,CPGAPPO,research,CPGAPPO,3,0.1466666666666666,0.7393333333333333,0.2313019892802965,1.565145332999731,1.5080683997664786,0.2315022312333207,0.2315022312333207,0.17636901156124765,0.179047034673884,76.53240502467087,45.63,6.275087545674806,result.json,False,main_comparison_20260824_203442,2026-08-24 22:07
chain,CPGAPPO,research,CPGAPPO,5,0.1333333333333333,0.7413333333333333,0.2033642838905204,1.5085317923319828,1.4713037382745473,0.2032122919837442,0.2032122919837442,0.26155862329361146,0.26323811859623986,57.28848600685893,47.68,6.627181447332378,result.json,False,main_comparison_20260821_155715,2026-08-21 16:45
chain,CPGAPPO,research,CPGAPPO,7,0.0066666666666666,0.6176666666666667,0.1974985376768303,1.2171335860729176,1.210953128149029,0.1974565282088821,0.1974565282088821,0.6989680920217396,0.6991212070482304,1.2959657726037204,57.31,7.775330622972798,result.json,False,main_comparison_20260821_155715,2026-08-21 17:43
chain,CPGAPPO,research,CPGAPPO,42,0.0,0.6566666666666666,0.1977380049103592,1.2263869338821174,1.2255684414303558,0.1975242405603106,0.1975242405603106,0.6996068132496819,0.6996270588882028,1.3749687472413183,47.18,6.307811117043905,result.json,False,main_comparison_20260824_203442,2026-08-24 22:55
chain,alloff,ablation,alloff,1,0.1266666666666666,0.695,0.2105530204451071,1.384742297965264,1.358330607732674,0.2099016396209338,0.2099016396209338,0.313124400354053,0.3142781092593868,48.615409234784586,45.49,6.311745685786395,result.json,False,main_comparison_20260824_203442,2026-08-25 12:52
chain,alloff,ablation,alloff,3,0.18,0.7416666666666667,0.2320177461372665,1.58883537517665,1.5120391117820786,0.2320916833671142,0.2320916833671142,-0.042468447380158966,-0.03875383899253907,137.04859052298127,44.31,6.302034851650678,result.json,False,main_comparison_20260824_203442,2026-08-25 13:37
chain,alloff,ablation,alloff,5,0.16,0.734,0.2045480850998883,1.5119803303345427,1.4619723733764345,0.2040042280063775,0.2040042280063775,0.09379394889345588,0.0961949500070566,98.57218015226202,29.6,4.058158842113472,result.json,False,ablation_classic_chain_20260819_022418,2026-08-19 07:45
chain,alloff,ablation,alloff,7,0.0466666666666666,0.642,0.2010145307644027,1.2515846508691213,1.2337944927648266,0.1994593039641633,0.1994593039641633,0.6500481518119738,0.6505455814437496,1.34775062341687,32.07,4.229680471938008,result_reeval.json,True,ablation_classic_chain_20260608_114124,2026-06-09 22:22
chain,alloff,ablation,alloff,9,0.08,0.7043333333333334,0.1885540606325667,1.3144322861429565,1.2916193356010366,0.188172833119589,0.188172833119589,0.545822318063544,0.5465978416792292,8.721130401363489,99.75,14.169867355883625,result.json,False,ablation_classic_chain_20260819_085455,2026-08-19 21:26
chain,alloff,ablation,alloff,11,0.1333333333333333,0.7423333333333333,0.2113907281876613,1.479698624146471,1.4287042876846512,0.2113004273167502,0.2113004273167502,0.2627198918837861,0.26501852205551013,57.281246491095615,101.95,14.856094957137024,result.json,False,ablation_classic_chain_20260819_085504,2026-08-19 21:19
chain,alloff,ablation,alloff,42,0.0666666666666666,0.6783333333333333,0.204211165667816,1.2428591309845778,1.2269732178861197,0.2066664679636253,0.2066664679636253,0.5971092156374767,0.5976042379880238,3.664685182708985,45.82,6.303242932392242,result.json,False,main_comparison_20260824_203442,2026-08-25 14:23
chain,fwdonly,ablation,fwdonly,1,0.06,0.6956666666666667,0.209821979674773,1.399786195977938,1.381292772728723,0.2097780513221678,0.2097780513221678,0.6099592052968925,0.6105215402998128,2.2889245641928304,47.04,6.3840320397083214,result.json,False,main_comparison_20260824_203442,2026-08-25 10:33
chain,fwdonly,ablation,fwdonly,3,0.14,0.7536666666666667,0.2389556999035984,1.5875806308437252,1.5263322493785272,0.2362700436327798,0.2362700436327798,0.21520363504170004,0.21803185014361476,66.59343954933678,45.58,6.295510149172874,result.json,False,main_comparison_20260824_203442,2026-08-25 11:19
chain,fwdonly,ablation,fwdonly,5,0.0933333333333333,0.737,0.2055303718677058,1.4935381554636786,1.4767987437826382,0.2055724024499211,0.2055724024499211,0.4792331627297679,0.47985767588933487,16.668201488209725,37.38,5.058507099227705,result.json,False,ablation_classic_chain_20260819_022418,2026-08-19 07:15
chain,fwdonly,ablation,fwdonly,7,0.0333333333333333,0.6183333333333333,0.1967493167141826,1.2194131045049166,1.2085933894778569,0.1967687413416902,0.1967687413416902,0.6744044650352711,0.6746901526378337,1.2967595447075624,32.74,4.1999594973013545,result_reeval.json,True,ablation_classic_chain_20260608_114124,2026-06-09 19:45
chain,fwdonly,ablation,fwdonly,9,0.0666666666666666,0.6953333333333334,0.1838416696143427,1.2980873621110471,1.2792345490014272,0.1838598239258063,0.1838598239258063,0.5937361335276758,0.5943272260974867,3.7057723401316207,95.63,13.381587928510386,result.json,False,ablation_classic_chain_20260819_085455,2026-08-19 19:46
chain,fwdonly,ablation,fwdonly,11,0.08,0.734,0.2107600924856274,1.4795701405187305,1.4385141818920262,0.2107489529535191,0.2107489529535191,0.5370214843371958,0.5384354635877977,8.813137781831191,91.78,13.102883749486752,result.json,False,ablation_classic_chain_20260819_085504,2026-08-19 19:36
chain,fwdonly,ablation,fwdonly,15,0.0933333333333333,0.7813333333333333,0.2045561717093224,1.4726673662452272,1.4293872403210857,0.2045561717093224,0.2045561717093224,0.4748776565887134,0.47650007339683215,16.75259963505059,156.85,22.492106217687244,result.json,False,ablation_classic_chain_20260819_224110,2026-08-20 17:12
chain,fwdonly,ablation,fwdonly,19,0.08,0.6736666666666666,0.1829703551505347,1.3109255780871216,1.2900750048627527,0.1833185583342167,0.1833185583342167,0.5491624375616941,0.5498675921644379,8.660818470807051,157.24,22.39347995822874,result.json,False,ablation_classic_chain_20260819_224120,2026-08-20 17:10
chain,fwdonly,ablation,fwdonly,42,0.0466666666666666,0.6596666666666666,0.1975085536479012,1.2306689129627335,1.2160064810862117,0.1971300054105471,0.1971300054105471,0.6491020886482218,0.6495129774948337,1.3814199144226025,47.25,6.340341386722032,result.json,False,main_comparison_20260824_203442,2026-08-25 12:06
chain,noappcredit,ablation,noappcredit,1,0.1,0.6743333333333333,0.2087845347918452,1.3755352357175068,1.3542877187644389,0.2087411808257449,0.2087411808257449,0.4594814891608575,0.4602932014583234,21.503494979551192,54.03,7.414082563893258,result.json,False,main_comparison_20260824_203442,2026-08-25 05:14
chain,noappcredit,ablation,noappcredit,3,0.14,0.7423333333333333,0.2308042088638837,1.55937955872611,1.50190729699193,0.229965766752632,0.229965766752632,0.21812601868160597,0.22077642681495574,66.56417000794711,53.25,7.40607919918786,result.json,False,main_comparison_20260824_203442,2026-08-25 06:07
chain,noappcredit,ablation,noappcredit,5,0.1533333333333333,0.734,0.2026739161100636,1.5160081598345716,1.457846038277583,0.2020616049807012,0.2020616049807012,0.1368187994991827,0.1395829087817253,87.17751398592904,56.76,7.942860934580932,result.json,False,ablation_classic_chain_20260819_022418,2026-08-19 05:41
chain,noappcredit,ablation,noappcredit,7,0.0266666666666666,0.6116666666666667,0.1971922972238831,1.2212322847343473,1.209592153390704,0.1970044875612732,0.1970044875612732,0.682866098021199,0.683166964051468,1.2833701628938603,55.68,7.544257026676495,result_reeval.json,True,ablation_classic_chain_20260608_114124,2026-06-09 13:37
chain,noappcredit,ablation,noappcredit,9,0.0466666666666666,0.696,0.1839391323864762,1.2909553283276098,1.2763740222616309,0.1835906613470541,0.1835906613470541,0.6442318072493969,0.6446448730231866,1.46087215925672,110.73,15.550117033814692,result.json,False,ablation_classic_chain_20260819_085455,2026-08-19 16:21
chain,noappcredit,ablation,noappcredit,11,0.12,0.7386666666666667,0.2078608668114984,1.4685363719824982,1.416820976040032,0.2077196290840383,0.2077196290840383,0.34203440912656075,0.34424497802862214,40.89156338037535,109.91,15.63665389061762,result.json,False,ablation_classic_chain_20260819_085504,2026-08-19 16:18
chain,noappcredit,ablation,noappcredit,15,0.0866666666666666,0.7216666666666667,0.206562420650923,1.397646480414107,1.374305400345089,0.2062565695665974,0.2062565695665974,0.5140003189507175,0.514831930772119,12.340777399356291,228.11,32.84466414343469,result.json,False,ablation_classic_chain_20260819_224110,2026-08-20 11:20
chain,noappcredit,ablation,noappcredit,19,0.0666666666666666,0.679,0.18279608292701,1.2994937570070688,1.2813578811195072,0.182500655950139,0.182500655950139,0.5952761537139369,0.5958431709974134,3.6741589618648702,229.92,32.84840990622459,result.json,False,ablation_classic_chain_20260819_224120,2026-08-20 11:16
chain,noappcredit,ablation,noappcredit,42,0.0266666666666666,0.6523333333333333,0.1970911319476723,1.2252897427951122,1.211796033467568,0.1965878687222437,0.1965878687222437,0.6794911839292118,0.6798429439040138,1.365469477569262,54.6,7.407580158792214,result.json,False,main_comparison_20260824_203442,2026-08-25 07:02
chain,nocp,ablation,nocp,1,0.0933333333333333,0.668,0.2092018265989394,1.3796262933880443,1.3575085088426748,0.2092003308165383,0.2092003308165383,0.49136433170722016,0.49217677622536105,16.50587081176455,53.97,7.423117569923989,result.json,False,main_comparison_20260824_203442,2026-08-25 07:57
chain,nocp,ablation,nocp,3,0.1733333333333333,0.7486666666666667,0.2290097188382315,1.5871340556670788,1.512156037111386,0.2290097188382315,0.2290097188382315,0.0004671763914965413,0.004099809392565693,123.54382664776216,53.27,7.416895175978836,result.json,False,main_comparison_20260824_203442,2026-08-25 08:50
chain,nocp,ablation,nocp,5,0.1466666666666666,0.7283333333333334,0.2039572258144776,1.5108157432054616,1.4620540017746,0.2038678638741136,0.2038678638741136,0.18051489886781874,0.18279942468194146,76.48886948358215,56.07,7.863064774894517,result.json,False,ablation_classic_chain_20260819_022418,2026-08-19 06:37
chain,nocp,ablation,nocp,7,0.02,0.616,0.1970377846704193,1.2303300770140255,1.21809926982605,0.1970377846704193,0.1970377846704193,0.6888353512873363,0.6891466273328206,1.2936662880248868,39.24,5.182187283416587,result_reeval.json,True,ablation_classic_chain_20260608_114124,2026-06-09 17:04
chain,nocp,ablation,nocp,9,0.0733333333333333,0.6933333333333334,0.184309917742657,1.3033814683588372,1.2866855196662077,0.1841537890770938,0.1841537890770938,0.5718279262004132,0.572372082689435,5.844719288278916,107.09,15.06722638163482,result.json,False,ablation_classic_chain_20260819_085455,2026-08-19 18:09
chain,nocp,ablation,nocp,11,0.1466666666666666,0.7353333333333333,0.2082534882708752,1.470399090855192,1.4209779575337165,0.2077498364654373,0.2077498364654373,0.18139333243069622,0.18370797205106454,76.4893903898729,105.16,14.961024547827082,result.json,False,ablation_classic_chain_20260819_085504,2026-08-19 18:04
chain,nocp,ablation,nocp,15,0.1,0.7276666666666667,0.2052527579173333,1.4105540571616082,1.3785172998247743,0.2052527579173333,0.2052527579173333,0.4517980363572944,0.4530325072440661,21.620578462905733,191.84,27.549628805052137,result.json,False,ablation_classic_chain_20260819_224110,2026-08-20 14:34
chain,nocp,ablation,nocp,19,0.0733333333333333,0.672,0.1823606014280029,1.313450453542103,1.2947030657837175,0.1821693375022771,0.1821693375022771,0.5736504147675389,0.5742595010596232,5.805035969232456,193.73,27.65430129014808,result.json,False,ablation_classic_chain_20260819_224120,2026-08-20 14:31
chain,nocp,ablation,nocp,42,0.0466666666666666,0.6586666666666666,0.1963176984145722,1.24126973280431,1.2251342946385175,0.1967117755071947,0.1967117755071947,0.648891632606918,0.64934399242924,1.3802461219614233,54.56,7.410330012939729,result.json,False,main_comparison_20260824_203442,2026-08-25 09:45
chain,noguidece,ablation,noguidece,1,0.1266666666666666,0.68,0.208203186226102,1.3770464259860298,1.3547159027625295,0.208063006483352,0.208063006483352,0.315488152177425,0.31646203955164937,48.58083504360391,53.74,7.420718889810956,result.json,False,main_comparison_20260824_203442,2026-08-24 23:49
chain,noguidece,ablation,noguidece,3,0.1666666666666666,0.7473333333333333,0.2288946037963497,1.5780809900504966,1.5054950732343375,0.2288946037963497,0.2288946037963497,0.044976070474947,0.04848514664750098,110.72389702456708,52.8,7.416046173811747,result.json,False,main_comparison_20260824_203442,2026-08-25 00:42
chain,noguidece,ablation,noguidece,5,0.1333333333333333,0.7406666666666667,0.2034339816342087,1.5097442356181148,1.4659457727866176,0.2032953854415607,0.2032953854415607,0.26159705791943794,0.26357276062286883,57.28925821010976,90.76,13.098228002664362,result.json,False,main_comparison_20260821_155715,2026-08-21 19:14
chain,noguidece,ablation,noguidece,7,0.04,0.6296666666666667,0.1962744334119776,1.233737358418409,1.2203306263520768,0.1962744334119776,0.1962744334119776,0.663366149816008,0.6637297061593438,1.3213958168703577,75.86,10.490378931506292,result.json,False,main_comparison_20260821_155715,2026-08-21 20:30
chain,noguidece,ablation,noguidece,9,0.0733333333333333,0.6926666666666667,0.1835227646958636,1.3013602483352744,1.2812364802350031,0.1835227646958636,0.1835227646958636,0.5719611187527619,0.5726167843161647,5.843446450620464,111.01,15.740821842001708,result.json,False,ablation_classic_chain_20260819_085455,2026-08-19 12:38
chain,noguidece,ablation,noguidece,11,0.12,0.7393333333333333,0.2090868678575965,1.4717737506231123,1.422462017156849,0.2095265738749886,0.2095265738749886,0.34180758768312464,0.34391586800504786,40.89179690480111,109.97,15.720907732061423,result.json,False,ablation_classic_chain_20260819_085504,2026-08-19 12:36
chain,noguidece,ablation,noguidece,15,0.1133333333333333,0.73,0.2052162520129869,1.4090456048246456,1.376436483859716,0.2052162520129869,0.2052162520129869,0.38267805375443326,0.3840257726957724,33.7357691258193,162.03,23.345291240903784,result.json,False,ablation_classic_chain_20260819_224110,2026-08-20 04:19
chain,noguidece,ablation,noguidece,19,0.1,0.6893333333333334,0.1813215208867502,1.3316715797350274,1.3025486041756564,0.1813215208867502,0.1813215208867502,0.4593830136527623,0.46049552212175826,21.525567034046844,160.19,23.23726834165792,result.json,False,ablation_classic_chain_20260819_224120,2026-08-20 04:18
chain,noguidece,ablation,noguidece,42,0.0466666666666666,0.668,0.1964876045275803,1.244404762395554,1.228668254406695,0.1964876045275803,0.1964876045275803,0.64799227645628,0.6484343468649715,1.3993028793483204,54.36,7.386325492186946,result.json,False,main_comparison_20260824_203442,2026-08-25 01:37
chain,noshield,ablation,noshield,1,0.1266666666666666,0.6936666666666667,0.2097269525650936,1.3899471566011763,1.3659591344382422,0.2094954116851727,0.2094954116851727,0.3130773416397861,0.3141252533843839,48.61302572396546,53.6,7.393573527411109,result.json,False,main_comparison_20260824_203442,2026-08-25 02:31
chain,noshield,ablation,noshield,3,0.1666666666666666,0.7536666666666667,0.2334457381183098,1.591206236889271,1.5175961163469192,0.2332500461790158,0.2332500461790158,0.04339325384000442,0.04695235435841478,110.74320487295132,52.83,7.41326624919592,result.json,False,main_comparison_20260824_203442,2026-08-25 03:24
chain,noshield,ablation,noshield,5,0.14,0.755,0.2064407138618091,1.5020075941892883,1.4732856197000743,0.2064130353918569,0.2064130353918569,0.2189636543835339,0.2202880996304594,66.57184687417245,56.57,7.991959635248513,result.json,False,main_comparison_20260821_155715,2026-08-21 21:27
chain,noshield,ablation,noshield,7,0.0266666666666666,0.6316666666666667,0.1992155611802393,1.2324874954709035,1.218188996014395,0.198836836856724,0.198836836856724,0.6809694035109158,0.6813407403334051,1.3259591091028822,58.66,8.050335889328485,result.json,False,main_comparison_20260821_155715,2026-08-21 22:27
chain,noshield,ablation,noshield,9,0.08,0.7156666666666667,0.1856672535439827,1.3227096811189825,1.299112261221532,0.1856565717989561,0.1856565717989561,0.5443455351199928,0.5451495508576764,8.747361366786627,110.94,15.726320287416817,result.json,False,ablation_classic_chain_20260819_085455,2026-08-19 14:30
chain,noshield,ablation,noshield,11,0.14,0.77,0.2065152517727558,1.5093585224678705,1.454970590708487,0.2068619917171889,0.2068619917171889,0.21648104572992705,0.21899119200466105,66.601667149234,109.85,15.697015790766953,result.json,False,ablation_classic_chain_20260819_085504,2026-08-19 14:27
chain,noshield,ablation,noshield,15,0.1133333333333333,0.7383333333333333,0.2070918694983904,1.415962939883528,1.3833036852401557,0.2070918694983904,0.2070918694983904,0.3813242236293114,0.38267565186353875,33.754258966067376,189.93,27.428844990108846,result.json,False,ablation_classic_chain_20260819_224110,2026-08-20 07:31
chain,noshield,ablation,noshield,19,0.1066666666666666,0.698,0.1836645567411359,1.3448103729160663,1.3136727824022698,0.1831268815672534,0.1831268815672534,0.42452665516935945,0.42576258188945965,27.24576469935517,184.85,27.11318250780118,result.json,False,ablation_classic_chain_20260819_224120,2026-08-20 07:24
chain,noshield,ablation,noshield,42,0.06,0.6783333333333333,0.1980589787727934,1.2519314903788092,1.235379254802544,0.1980589787727934,0.1980589787727934,0.6160537063799594,0.6165510523855547,2.233680362998584,54.43,7.416805156826091,result.json,False,main_comparison_20260824_203442,2026-08-25 04:19
chain,DGMA_adapt,ext_rl,DGMA_adapt,1,0.14,0.7,0.2104714042961406,1.3985645554246826,1.3718803532312525,0.2104714042961406,0.2104714042961406,0.23155229912760847,0.23277545406267752,3382.5371981134767,231.89,0.0,result.json,False,main_comparison_20260824_203442,2026-08-28 13:54
chain,DGMA_adapt,ext_rl,DGMA_adapt,3,0.2,0.7583333333333333,0.2290914886433908,1.5986976181934294,1.5161404280076634,0.229355271037034,0.229355271037034,-0.1755213611340095,-0.17164202122027228,7223.585467490358,197.65,0.0,result.json,False,main_comparison_20260824_203442,2026-08-28 13:54
chain,DGMA_adapt,ext_rl,DGMA_adapt,5,0.17333333333333334,0.742,0.2053305399944333,1.5150730160576271,1.461787851989695,0.2053305399944333,0.2053305399944333,0.004958465226427712,0.0075400085174733966,5338.682338378608,409.65,0.0,result.json,False,main_comparison_20260822_004654,2026-08-28 19:01
chain,DGMA_adapt,ext_rl,DGMA_adapt,7,0.05333333333333334,0.646,0.1989869814619677,1.2522215260069287,1.2357105123659593,0.1989869814619677,0.1989869814619677,0.635596914182093,0.6360734565511115,377.1900185174195,458.12,0.0,result.json,False,main_comparison_20260822_004654,2026-08-28 19:01
chain,DGMA_adapt,ext_rl,DGMA_adapt,42,0.06666666666666667,0.6793333333333333,0.1988786487180215,1.2530995523872357,1.2364356001325976,0.1988786487180215,0.1988786487180215,0.5966932867380496,0.5972129428096322,644.0096482318232,110.5,0.0,result.json,False,main_comparison_20260824_203442,2026-08-28 13:55
chain,DGMA_paper,ext_rl,DGMA_paper,1,0.47333333333333333,0.7893333333333333,0.4108899903078785,1.4797075910371302,1.5232752388425093,0.3013350469758592,0.3013350469758592,-0.5653702679456064,-0.5668046746592953,-0.7611155907652188,647.25,0.0,result.json,False,main_comparison_20260824_203442,2026-08-28 13:55
chain,DGMA_paper,ext_rl,DGMA_paper,3,0.7533333333333333,0.8716666666666667,0.4148552338539958,1.5606461186047125,1.5968990715193905,0.3677588057552993,0.3677588057552993,-0.6913773051317254,-0.6922930500862565,-0.7630565087955781,296.52,0.0,result.json,False,main_comparison_20260824_203442,2026-08-28 13:55
chain,DGMA_paper,ext_rl,DGMA_paper,5,0.8066666666666666,0.9026666666666666,0.4159053562253136,1.6174039390549684,1.6153551393532637,0.3582501181063653,0.3582501181063653,-0.7095717965756029,-0.7095225079700934,-0.7653673203281511,589.42,0.0,result.json,False,main_comparison_20260822_004654,2026-08-28 19:03
chain,DGMA_paper,ext_rl,DGMA_paper,7,0.7933333333333333,0.7826666666666666,0.4119887514758929,1.2981638398925186,1.5402327679785048,0.3741155672163297,0.3741155672163297,-0.6915783717400249,-0.6976476664700022,-0.7583138836085312,510.42,0.0,result.json,False,main_comparison_20260822_004654,2026-08-28 19:03
chain,DGMA_paper,ext_rl,DGMA_paper,42,0.68,0.793,0.3870796362049855,1.3071024180313016,1.4992167092891833,0.3220745418575614,0.3220745418575614,-0.643942562783572,-0.6493581922294893,-0.7551901664116678,196.32,0.0,result.json,False,main_comparison_20260824_203442,2026-08-28 13:55
chain,GATDQN,ext_rl,GATDQN,1,0.47333333333333333,0.7703333333333333,0.2252293411043277,1.4054466992125845,1.480802503643038,0.2730941906584032,0.2730941906584032,-0.5606143166473512,-0.5631126971589377,2724.8376490944856,47.29,0.0,result.json,False,main_comparison_20260824_203442,2026-08-28 13:56
chain,GATDQN,ext_rl,GATDQN,3,0.29333333333333333,0.776,0.2402581154807402,1.5829244754863416,1.5396037482334453,0.2754784813035419,0.2754784813035419,-0.4893287271636353,-0.4877307753894902,8272.078305044466,54.58,0.0,result.json,False,main_comparison_20260824_203442,2026-08-28 13:56
chain,GATDQN,ext_rl,GATDQN,5,0.22,0.7603333333333333,0.2273926117121664,1.5175454253854466,1.4842127084159225,0.209890610968768,0.209890610968768,-0.2965057538860257,-0.29503207231895945,5782.939223380639,53.45,0.0,result.json,False,main_comparison_20260822_004654,2026-08-28 19:06
chain,GATDQN,ext_rl,GATDQN,7,0.08,0.682,0.2120532860162453,1.3004777554460163,1.2773410179806008,0.1917913605799386,0.1917913605799386,0.5486427352005138,0.5494257985670778,7223.293243174382,53.67,0.0,result.json,False,main_comparison_20260822_004654,2026-08-28 19:07
chain,GATDQN,ext_rl,GATDQN,42,0.14,0.7126666666666667,0.2493903185466159,1.3086138583720166,1.3389392714759076,0.2260580292771584,0.2260580292771584,0.2338772541772667,0.23248788936612885,20059.46290611413,57.44,0.0,result.json,False,main_comparison_20260824_203442,2026-08-28 13:57
chain,PPO,ext_rl,PPO,1,0.72,0.651,0.3289939060797539,1.3275787889904842,1.555529798165082,0.1896231676594846,0.1896231676594846,-0.641109915148295,-0.6475686764340818,-1.0,16.1,0.0,result.json,False,main_comparison_20260824_203442,2026-08-28 13:54
chain,PPO,ext_rl,PPO,3,0.96,0.8856666666666667,0.3552383170332577,0.6380136064409607,1.5988671202146998,0.3701890627842573,0.3701890627842573,-0.7333462869732448,-0.7528402266130592,-1.0,14.03,0.0,result.json,False,main_comparison_20260824_203442,2026-08-28 13:54
chain,PPO,ext_rl,PPO,5,0.4266666666666667,0.7963333333333333,0.3193923774746959,1.3482287445249082,1.4685852224814582,0.1928483523689143,0.1928483523689143,-0.5419104759061513,-0.546016241794107,-1.0,14.6,0.0,result.json,False,main_comparison_20260822_004654,2026-08-28 19:08
chain,PPO,ext_rl,PPO,7,0.23333333333333334,0.6536666666666666,0.3186079824580199,1.1485893718576006,1.277564702008887,0.2214990343599737,0.2214990343599737,-0.34503478749932004,-0.3505277636144187,-1.0,18.46,0.0,result.json,False,main_comparison_20260822_004654,2026-08-28 19:08
chain,PPO,ext_rl,PPO,42,0.68,0.7963333333333333,0.3154453723505669,1.025176088984059,1.4357481309889772,0.2142563528182809,0.2142563528182809,-0.6310774360579536,-0.6428973676295974,-1.0,15.67,0.0,result.json,False,main_comparison_20260824_203442,2026-08-28 13:54
chain,TransEdgeStyle,ext_rl,TransEdgeStyle,1,0.15333333333333332,0.6946666666666667,0.2239880191046056,1.397096907774577,1.374213003856848,0.2096048508157501,0.2096048508157501,0.14824296824661984,0.14932714075946446,4911.959340613601,25.14,0.0,result.json,False,main_comparison_20260824_203442,2026-08-28 13:57
chain,TransEdgeStyle,ext_rl,TransEdgeStyle,3,0.23333333333333334,0.756,0.2171872340158577,1.5829109518863504,1.514252050490296,0.2281049025397426,0.2281049025397426,-0.3766836062120452,-0.37382553680261515,6245.645935693948,25.1,0.0,result.json,False,main_comparison_20260824_203442,2026-08-28 13:57
chain,TransEdgeStyle,ext_rl,TransEdgeStyle,5,0.17333333333333334,0.752,0.2158481154701891,1.5283161119010171,1.4812654931560594,0.2009154508683061,0.2009154508683061,0.002816875552824719,0.005096423120097926,7739.381108258482,21.88,0.0,result.json,False,main_comparison_20260822_004654,2026-08-28 19:04
chain,TransEdgeStyle,ext_rl,TransEdgeStyle,7,0.06,0.6533333333333333,0.2198891752383844,1.2658831827991484,1.2474281978525663,0.198520951330425,0.198520951330425,0.6179574724123164,0.6185098585868877,5783.107038700865,22.93,0.0,result.json,False,main_comparison_20260822_004654,2026-08-28 19:05
chain,TransEdgeStyle,ext_rl,TransEdgeStyle,42,0.09333333333333334,0.688,0.2229412792624416,1.2685697140295835,1.247903287398776,0.1976708779906542,0.1976708779906542,0.49316808545116747,0.49392546540126286,3382.769102334416,25.37,0.0,result.json,False,main_comparison_20260824_203442,2026-08-28 13:58
chain,Edge-only,heuristic,Edge-only,1,0.23333333333333334,0.71,0.2834930125119482,1.590133548860593,1.528678348664881,0.2790622389868052,0.2790622389868052,-0.3710491094803142,-0.368478728627111,-0.5664879394335202,,,result.json,False,main_comparison_20260824_203442,2026-08-28 14:02
chain,Edge-only,heuristic,Edge-only,3,0.92,0.7913333333333333,0.2318553224184348,1.1,1.6282666666666676,0.2388038164203335,0.2388038164203335,-0.711433166519024,-0.7238445436380848,-0.733676867083015,,,result.json,False,main_comparison_20260824_203442,2026-08-28 14:02
chain,Edge-only,heuristic,Edge-only,5,1.0,0.8496666666666667,0.189473456928011,1.1,1.6304666666666678,0.1891374730826963,0.1891374730826963,-0.7383444864553806,-0.7498142986493544,-0.7454493426869145,,,result.json,False,main_comparison_20260822_004654,2026-08-28 19:09
chain,Edge-only,heuristic,Edge-only,7,0.05333333333333334,0.6516666666666666,0.3008490152053097,1.3835080386793028,1.3552204073711205,0.2751324982450806,0.2751324982450806,0.6312794567574841,0.6321030954452629,-0.4685703379762528,,,result.json,False,main_comparison_20260822_004654,2026-08-28 19:09
chain,Edge-only,heuristic,Edge-only,42,0.04,0.685,0.2985469190707401,1.4170991088425284,1.384627876507042,0.2697195896226498,0.2697195896226498,0.6536341793121146,0.6545343333421076,-0.4850841474699784,,,result.json,False,main_comparison_20260824_203442,2026-08-28 14:02
chain,Genetic,heuristic,Genetic,1,0.25333333333333335,0.6756666666666666,0.2857491900981767,1.369054079559396,1.4199504679641195,0.2626917705465934,0.2626917705465934,-0.45084903568730295,-0.45281152730121793,-0.4579876171523015,,,result.json,False,main_comparison_20260824_203442,2026-08-28 13:54
chain,Genetic,heuristic,Genetic,3,0.49333333333333335,0.7643333333333333,0.2615187395448971,1.6129237939989278,1.5831325036930408,0.2685628201624338,0.2685628201624338,-0.5749465230525955,-0.5739794723184773,-0.5675053222290847,,,result.json,False,main_comparison_20260824_203442,2026-08-28 13:54
chain,Genetic,heuristic,Genetic,5,0.44,0.8106666666666666,0.2494864298274597,1.676574465414483,1.6038865241105296,0.2373570771427458,0.2373570771427458,-0.560055916855101,-0.5576340740563498,-0.6083697958595828,,,result.json,False,main_comparison_20260822_004654,2026-08-28 19:09
chain,Genetic,heuristic,Genetic,7,0.02,0.6133333333333333,0.287470909429282,1.2457420043570713,1.2384258707332665,0.2615135967593322,0.2615135967593322,0.6886531138896588,0.6888394302063782,-0.3250205796653339,,,result.json,False,main_comparison_20260822_004654,2026-08-28 19:09
chain,Genetic,heuristic,Genetic,42,0.02666666666666667,0.6513333333333333,0.289666773202479,1.2731052971502874,1.2636477519309424,0.259486042934008,0.259486042934008,0.6783231790731932,0.6785704819101545,-0.323736344151961,,,result.json,False,main_comparison_20260824_203442,2026-08-28 13:54
chain,Greedy,heuristic,Greedy,1,0.4866666666666667,0.7133333333333334,0.192009702398184,1.351828450944883,1.488919190704988,0.1881993614018801,0.1881993614018801,-0.5584520365127058,-0.5630056427278641,-0.6232307260651528,,,result.json,False,main_comparison_20260824_203442,2026-08-28 13:54
chain,Greedy,heuristic,Greedy,3,0.8266666666666667,0.7853333333333333,0.1605776862975434,1.3804187600471878,1.586780792805349,0.1617885003721014,0.1617885003721014,-0.6893761886400385,-0.6945867407315823,-0.6925340842169285,,,result.json,False,main_comparison_20260824_203442,2026-08-28 13:54
chain,Greedy,heuristic,Greedy,5,0.9266666666666666,0.8443333333333334,0.1401751808492809,1.7759852450685183,1.629492939868495,0.1388347652241904,0.1388347652241904,-0.7328152096829965,-0.7295120733463742,-0.7363155311875064,,,result.json,False,main_comparison_20260822_004654,2026-08-28 19:09
chain,Greedy,heuristic,Greedy,7,0.12666666666666668,0.6493333333333333,0.2101649482636569,1.3431014889986184,1.3670651514922647,0.1963563089782401,0.1963563089782401,0.32110009790168775,0.3200583881850318,-0.5309491420629158,,,result.json,False,main_comparison_20260822_004654,2026-08-28 19:09
chain,Greedy,heuristic,Greedy,42,0.15333333333333332,0.677,0.2106227915256222,1.3251079771291436,1.3738763038379291,0.1975748904444465,0.1975748904444465,0.15424038678115126,0.15193295502396353,-0.5421129108327175,,,result.json,False,main_comparison_20260824_203442,2026-08-28 13:54
chain,HybridPSOGA,heuristic,HybridPSOGA,1,0.04,0.6516666666666666,0.22713839310223585,1.276202649012153,1.260141033117524,0.22713839310223585,0.22713839310223585,0.6603556130944601,0.6607942264947093,,,,result_reeval.json,True,HybridPSOGA_rerun_20260831,2026-09-03 18:06
chain,HybridPSOGA,heuristic,HybridPSOGA,3,0.18666666666666668,0.7396666666666667,0.24411458702837668,1.6288822486908583,1.5409587575042107,0.24411458702837668,0.24411458702837668,-0.08785608930948469,-0.08362755381115473,,,,result_reeval.json,True,HybridPSOGA_rerun_20260831,2026-09-03 18:06
chain,HybridPSOGA,heuristic,HybridPSOGA,5,0.22666666666666666,0.784,0.21330506693136408,1.6867186965271708,1.5788728874348543,0.21330506693136408,0.21330506693136408,-0.34646739129131415,-0.3418612246223695,,,,result_reeval.json,True,HybridPSOGA_rerun_20260831,2026-09-03 18:06
chain,HybridPSOGA,heuristic,HybridPSOGA,7,0.0,0.592,0.21285123984585316,1.1162867116081923,1.1152028887867498,0.21285123984585316,0.21285123984585316,0.7072021258472881,0.7072283731894426,,,,result_reeval.json,True,HybridPSOGA_rerun_20260831,2026-09-03 18:06
chain,HybridPSOGA,heuristic,HybridPSOGA,42,0.0,0.6363333333333333,0.21087728080240856,1.1017301181524295,1.1009852506980802,0.21087728080240856,0.21087728080240856,0.7042180478265742,0.704236238764836,,,,result_reeval.json,True,HybridPSOGA_rerun_20260831,2026-09-03 18:06
chain,Local-only,heuristic,Local-only,1,1.0,0.9113333333333333,0.4183304676606877,1.1,1.6324000000000014,0.4114513682210509,0.4114513682210509,-0.761206692028967,-0.7718437529280081,-0.7841310606386123,,,result.json,False,main_comparison_20260824_203442,2026-08-28 14:02
chain,Local-only,heuristic,Local-only,3,1.0,0.932,0.4190784088335598,1.1,1.6282666666666676,0.4153506393349375,0.4153506393349375,-0.7631363401479521,-0.7736180951841016,-0.7852145232814601,,,result.json,False,main_comparison_20260824_203442,2026-08-28 14:02
chain,Local-only,heuristic,Local-only,5,1.0,0.9666666666666667,0.4371389529832655,1.1,1.6304666666666678,0.4154489053164932,0.4154489053164932,-0.7653150830911281,-0.7757551363309267,-0.7908770154506495,,,result.json,False,main_comparison_20260822_004654,2026-08-28 19:09
chain,Local-only,heuristic,Local-only,7,1.0,0.864,0.4192935468544998,1.1,1.6302666666666676,0.4121290020250681,0.4121290020250681,-0.7583156297674236,-0.769022357111066,-0.7835020206458064,,,result.json,False,main_comparison_20260822_004654,2026-08-28 19:09
chain,Local-only,heuristic,Local-only,42,1.0,0.88,0.3914774653159374,1.1,1.6110000000000015,0.3868260656076024,0.3868260656076024,-0.7551696144908078,-0.7656111361462619,-0.7758301933427016,,,result.json,False,main_comparison_20260824_203442,2026-08-28 14:02
default,CPGAPPO,research,CPGAPPO,1,0.08,0.6423333333333333,0.2048733215695719,1.267297526549228,1.2441911896759976,0.2048338178436249,0.2048338178436249,0.5539034957953288,0.5546790369902128,8.590686874543684,22.66,2.695298666669169,result.json,False,main_comparison_20260824_203442,2026-08-26 23:28
default,CPGAPPO,research,CPGAPPO,3,0.1466666666666666,0.6963333333333334,0.2264696395696361,1.3619124571298178,1.3052789668470597,0.2260735950369906,0.2260735950369906,0.192112002299939,0.19475320597282145,76.3748491159098,22.34,2.7003195656275607,result.json,False,main_comparison_20260824_203442,2026-08-26 23:51
default,CPGAPPO,research,CPGAPPO,5,0.14,0.7196666666666667,0.2020673782888696,1.2852135191260712,1.252336058506682,0.2016609090572963,0.2016609090572963,0.23395640967923784,0.23546155935498633,66.43254583164706,47.82,6.593678928453089,result.json,False,main_comparison_20260821_155720,2026-08-21 16:45
default,CPGAPPO,research,CPGAPPO,7,0.0266666666666666,0.5736666666666667,0.1954975310802358,1.0986695957653556,1.086553708245282,0.1952890967310341,0.1952890967310341,0.6890280399519476,0.6893362366336705,1.193030759733539,57.23,7.776307706840862,result.json,False,main_comparison_20260821_155720,2026-08-21 17:43
default,CPGAPPO,research,CPGAPPO,42,0.04,0.647,0.1996907717509784,1.0948936067430164,1.0843035367803349,0.1996907717509784,0.1996907717509784,0.6656706807064982,0.6659563110864641,1.339917861249188,24.0,2.842281354393625,result.json,False,main_comparison_20260824_203442,2026-08-27 00:15
default,alloff,ablation,alloff,1,0.1533333333333333,0.6433333333333333,0.2058931529900691,1.2677153577244793,1.227587517128087,0.2059654380535145,0.2059654380535145,0.16187536741497438,0.16376800317542273,86.90912754786902,23.37,2.9344906627832814,result.json,False,main_comparison_20260824_203442,2026-08-27 07:42
default,alloff,ablation,alloff,3,0.1733333333333333,0.7176666666666667,0.2268531558928813,1.3765890806575345,1.3070531802242924,0.2271441458891306,0.2271441458891306,0.015316800893242397,0.018684811399265772,123.3989724871756,22.74,2.911748368284097,result.json,False,main_comparison_20260824_203442,2026-08-27 08:05
default,alloff,ablation,alloff,5,0.1733333333333333,0.7186666666666667,0.2020282283830202,1.290732413456503,1.2486379491627386,0.202061269655093,0.202061269655093,0.019325314772786692,0.02136393040446663,123.36175102594932,21.86,2.792314905393271,result.json,False,ablation_classic_default_20260819_025429,2026-08-19 08:12
default,alloff,ablation,alloff,7,0.04,0.593,0.2011824133208251,1.1080971116648886,1.0917381441873355,0.1965630002463392,0.1965630002463392,0.6698045828779572,0.6702413523734533,1.233760308576848,31.99,4.225569665703447,result_reeval.json,True,ablation_classic_default_20260608_114147,2026-06-09 22:22
default,alloff,ablation,alloff,9,0.0733333333333333,0.634,0.1848872346287392,1.11923662519688,1.1037384085039623,0.185075067857655,0.185075067857655,0.5836999456670131,0.584194781360234,5.6937201672364495,99.39,14.075913322685643,result.json,False,ablation_classic_default_20260819_085514,2026-08-19 21:26
default,alloff,ablation,alloff,11,0.1666666666666666,0.669,0.2060687394046058,1.2802844026370523,1.232753271372654,0.2071944314760248,0.2071944314760248,0.07106456987747187,0.0733554259450038,110.444541557308,101.33,14.715529108007033,result.json,False,ablation_classic_default_20260819_085519,2026-08-19 21:20
default,alloff,ablation,alloff,42,0.0666666666666666,0.6656666666666666,0.2130956356213515,1.124683144918275,1.106787834194748,0.2170378367433909,0.2170378367433909,0.601993641312902,0.6025461684632071,3.618416865856659,23.49,2.909967008189506,result.json,False,main_comparison_20260824_203442,2026-08-27 08:28
default,fwdonly,ablation,fwdonly,1,0.1333333333333333,0.6346666666666667,0.2040195818260592,1.2606013116447743,1.2224930755487151,0.2040195818260592,0.2040195818260592,0.28745783458432,0.2891506975633597,56.99871875296463,24.53,2.9823457627913514,result.json,False,main_comparison_20260824_203442,2026-08-27 06:28
default,fwdonly,ablation,fwdonly,3,0.1333333333333333,0.6993333333333334,0.2274455250749607,1.3631361833609437,1.3037834993543185,0.2272750399648559,0.2272750399648559,0.2739460859430823,0.27660379482152775,57.15976012058227,24.17,3.000330563723619,result.json,False,main_comparison_20260824_203442,2026-08-27 06:53
default,fwdonly,ablation,fwdonly,5,0.1333333333333333,0.722,0.2018840022462185,1.289514156626545,1.2580210421687044,0.2024264686575539,0.2024264686575539,0.27410050788232304,0.275511108812359,57.18238975048351,29.12,3.8119018570859007,result.json,False,ablation_classic_default_20260819_025429,2026-08-19 07:50
default,fwdonly,ablation,fwdonly,7,0.0466666666666666,0.572,0.1956105682377533,1.0881868059110096,1.0755377225350218,0.1958118238038725,0.1958118238038725,0.6605555844070913,0.6609008836446613,1.189454543718054,32.6,4.190169295457408,result_reeval.json,True,ablation_classic_default_20260608_114147,2026-06-09 19:45
default,fwdonly,ablation,fwdonly,9,0.0466666666666666,0.6093333333333333,0.1834457880958735,1.0828288122191387,1.0725836484934803,0.183092192353506,0.183092192353506,0.6575347489980987,0.6578164228964631,1.263168945762581,95.48,13.328342910280078,result.json,False,ablation_classic_default_20260819_085514,2026-08-19 19:47
default,fwdonly,ablation,fwdonly,11,0.1333333333333333,0.6633333333333333,0.2067585025822153,1.270314203081331,1.226186790485607,0.2065343297966135,0.2065343297966135,0.28307547536942457,0.28504092081346033,57.05656681602473,92.31,13.123819528801675,result.json,False,ablation_classic_default_20260819_085519,2026-08-19 19:38
default,fwdonly,ablation,fwdonly,15,0.1,0.7036666666666667,0.2082458810584832,1.261788693354421,1.223673772105477,0.2081866843791144,0.2081866843791144,0.460357464700261,0.4618115207366169,21.538652354373305,156.66,22.431219863890515,result.json,False,ablation_classic_default_20260819_224135,2026-08-20 17:06
default,fwdonly,ablation,fwdonly,19,0.0933333333333333,0.6503333333333333,0.1915411741980823,1.1764980232984528,1.1611849271693055,0.1914767182148726,0.1914767182148726,0.5007815951976069,0.501337243501739,16.42580441878578,157.2,22.387727038210738,result.json,False,ablation_classic_default_20260819_224138,2026-08-20 17:10
default,fwdonly,ablation,fwdonly,42,0.0133333333333333,0.642,0.2000010682736693,1.0949150322129355,1.0865873633987406,0.2000007614270686,0.2000007614270686,0.6956226594836863,0.6958308367898969,1.3298987207744548,24.99,3.017180308838721,result.json,False,main_comparison_20260824_203442,2026-08-27 07:18
default,noappcredit,ablation,noappcredit,1,0.12,0.6193333333333333,0.2037646072247741,1.2432869007582696,1.2099171712935024,0.2036343407180848,0.2036343407180848,0.36722167421143725,0.36861957187045785,40.59042199450292,28.59,3.619884010856108,result.json,False,main_comparison_20260824_203442,2026-08-27 03:40
default,noappcredit,ablation,noappcredit,3,0.1533333333333333,0.7086666666666667,0.2265698792656673,1.3828101130792902,1.3108315510992037,0.2265698792656673,0.2265698792656673,0.14686580942005634,0.15027616207537633,87.08303823153709,27.99,3.5712700538547204,result.json,False,main_comparison_20260824_203442,2026-08-27 04:08
default,noappcredit,ablation,noappcredit,5,0.1466666666666666,0.7163333333333334,0.202529031374502,1.2906375253415523,1.252022102761856,0.1997930126205325,0.1997930126205325,0.19254847924128443,0.19434936710049902,76.38618245395868,55.75,7.773080313555743,result.json,False,ablation_classic_default_20260819_025429,2026-08-19 06:39
default,noappcredit,ablation,noappcredit,7,0.04,0.559,0.1955451258540946,1.0823951587197276,1.0704410730066936,0.1950105116292668,0.1950105116292668,0.6732882586380289,0.6736047579792629,1.162477260318227,55.57,7.542863996653485,result_reeval.json,True,ablation_classic_default_20260608_114147,2026-06-09 13:39
default,noappcredit,ablation,noappcredit,9,0.0466666666666666,0.615,0.1835211080778798,1.0801265803131288,1.0701113906755533,0.1831714033218167,0.1831714033218167,0.6571263728035243,0.6574019864419649,1.2743166183613497,110.81,15.534104750745044,result.json,False,ablation_classic_default_20260819_085514,2026-08-19 16:23
default,noappcredit,ablation,noappcredit,11,0.1533333333333333,0.663,0.2053940527165562,1.2549791337819345,1.213750112800335,0.2053554321835813,0.2053554321835813,0.15960270976767055,0.16154873371767847,86.94733488156929,109.7,15.547765866652792,result.json,False,ablation_classic_default_20260819_085519,2026-08-19 16:18
default,noappcredit,ablation,noappcredit,15,0.0866666666666666,0.683,0.2087186639308365,1.2368662073529753,1.2094511819804197,0.2087848131329027,0.2087848131329027,0.523929731448149,0.5248927010588491,12.22981913706811,227.13,32.79619293761745,result.json,False,ablation_classic_default_20260819_224135,2026-08-20 11:14
default,noappcredit,ablation,noappcredit,19,0.1066666666666666,0.6456666666666667,0.1912165754320628,1.1764875568214856,1.154402715154335,0.1910641914836682,0.1910641914836682,0.4375576780084082,0.43842241575906093,27.09904174586572,228.67,32.704733532802365,result.json,False,ablation_classic_default_20260819_224138,2026-08-20 11:17
default,noappcredit,ablation,noappcredit,42,0.0266666666666666,0.6386666666666667,0.200474891090482,1.0935479482774222,1.082907126093379,0.2001470275806538,0.2001470275806538,0.6840045426578599,0.6842787862143753,1.3231666662444703,28.93,3.606216339128879,result.json,False,main_comparison_20260824_203442,2026-08-27 04:37
default,nocp,ablation,nocp,1,0.14,0.63,0.2032949926384842,1.256308389675068,1.2198221010045545,0.2028079046117223,0.2028079046117223,0.2479443766568831,0.24960271989884114,66.24249147331268,28.54,3.597731002217702,result.json,False,main_comparison_20260824_203442,2026-08-27 05:06
default,nocp,ablation,nocp,3,0.16,0.7076666666666667,0.2249182195405246,1.3860885690840723,1.317809845946638,0.2244962599271139,0.2244962599271139,0.10374523342265743,0.1070165713635927,98.47016240040654,28.27,3.5974296759973954,result.json,False,main_comparison_20260824_203442,2026-08-27 05:35
default,nocp,ablation,nocp,5,0.1466666666666666,0.7286666666666667,0.2003995376009313,1.2983914978184865,1.260588261689925,0.2021059454723983,0.2021059454723983,0.1904044037637245,0.19216893778020985,76.41677603954818,41.04,5.583977366570988,result.json,False,ablation_classic_default_20260819_025429,2026-08-19 07:20
default,nocp,ablation,nocp,7,0.0466666666666666,0.6133333333333333,0.1946548762012037,1.1402071083886562,1.121446160603502,0.1946548762012037,0.1946548762012037,0.6556118572469645,0.6561298133451775,1.277853539735115,39.11,5.173976142519471,result_reeval.json,True,ablation_classic_default_20260608_114147,2026-06-09 17:04
default,nocp,ablation,nocp,9,0.0466666666666666,0.616,0.1828178541360186,1.0937217005228663,1.0862332411302744,0.1828178541360186,0.1828178541360186,0.6566666497790539,0.6568729646017133,1.277781593084054,106.69,14.970428739356151,result.json,False,ablation_classic_default_20260819_085514,2026-08-19 18:10
default,nocp,ablation,nocp,11,0.1733333333333333,0.6656666666666666,0.2049414790623964,1.2832050039079577,1.236078536355488,0.2035761801339661,0.2035761801339661,0.027635382776023298,0.029916750189198954,123.25443641183855,105.46,14.92629075163181,result.json,False,ablation_classic_default_20260819_085519,2026-08-19 18:05
default,nocp,ablation,nocp,15,0.1133333333333333,0.733,0.2071793336204092,1.309084560028786,1.263594878423221,0.2071793336204092,0.2071793336204092,0.3864214776658075,0.388294738340339,33.71542280393512,192.76,27.68164947084939,result.json,False,ablation_classic_default_20260819_224135,2026-08-20 14:28
default,nocp,ablation,nocp,19,0.0933333333333333,0.6546666666666666,0.1907794305861655,1.1971086488204696,1.1764941623110745,0.1909590061967749,0.1909590061967749,0.49954543268361745,0.5002945853713063,16.439506611152336,192.95,27.58368892605492,result.json,False,ablation_classic_default_20260819_224138,2026-08-20 14:32
default,nocp,ablation,nocp,42,0.0466666666666666,0.6453333333333333,0.2001073796892726,1.1130059747908314,1.0998587504770203,0.2001073796892726,0.2001073796892726,0.6536219137832603,0.6539866090868655,1.33869061722374,28.84,3.6004721310295618,result.json,False,main_comparison_20260824_203442,2026-08-27 06:04
default,noguidece,ablation,noguidece,1,0.1533333333333333,0.6286666666666667,0.202854061330168,1.2533007591039338,1.218461960859252,0.202854061330168,0.202854061330168,0.16469646950097525,0.16633815295579843,86.87685660143735,29.17,3.715879450439673,result.json,False,main_comparison_20260824_203442,2026-08-27 00:44
default,noguidece,ablation,noguidece,3,0.1066666666666666,0.7083333333333334,0.2277804412363551,1.3623089818002403,1.3269753131988444,0.2280204186202003,0.2280204186202003,0.4225589937513864,0.4239642077756051,27.269457308924444,28.75,3.723227328053964,result.json,False,main_comparison_20260824_203442,2026-08-27 01:13
default,noguidece,ablation,noguidece,5,0.1666666666666666,0.7276666666666667,0.2000915452668746,1.2975862992329086,1.255850646735002,0.1990769496152744,0.1990769496152744,0.061468699173478684,0.06348288204892198,110.573497641416,91.95,13.122244655983152,result.json,False,main_comparison_20260821_155720,2026-08-21 19:15
default,noguidece,ablation,noguidece,7,0.0466666666666666,0.5763333333333334,0.195303335618779,1.0967316622245156,1.0844354071724038,0.195303335618779,0.195303335618779,0.6599554246918569,0.6602915681614752,1.1987982552974243,74.74,10.40123181304245,result.json,False,main_comparison_20260821_155720,2026-08-21 20:31
default,noguidece,ablation,noguidece,9,0.0666666666666666,0.63,0.1827135401767343,1.0963330804047662,1.0847664390309564,0.1827135401767343,0.1827135401767343,0.6062632553956285,0.6066175566391322,3.5436692114322472,110.98,15.676948314418006,result.json,False,ablation_classic_default_20260819_085514,2026-08-19 12:39
default,noguidece,ablation,noguidece,11,0.16,0.678,0.2051747087757855,1.2766462063301935,1.2299397328953494,0.2047200255206757,0.2047200255206757,0.11338265087139293,0.11561589346988121,98.36957562175512,109.8,15.673814861810646,result.json,False,ablation_classic_default_20260819_085519,2026-08-19 12:37
default,noguidece,ablation,noguidece,15,0.1066666666666666,0.69,0.208657963768671,1.2443403649163929,1.2137678943658898,0.208657963768671,0.208657963768671,0.42948800290802996,0.43069523181170377,27.20391905693008,159.33,23.16937314823869,result.json,False,ablation_classic_default_20260819_224135,2026-08-20 04:16
default,noguidece,ablation,noguidece,19,0.12,0.67,0.1910883135597272,1.20863165842091,1.1809656818525105,0.1911567769291022,0.1911567769291022,0.3620880580029033,0.3632521605462184,40.68221084673973,160.86,23.08725809963,result.json,False,ablation_classic_default_20260819_224138,2026-08-20 04:18
default,noguidece,ablation,noguidece,42,0.0466666666666666,0.6453333333333333,0.2002503137447319,1.096537886045514,1.0849276833479324,0.2002503137447319,0.2002503137447319,0.6540786796183796,0.6544004186855409,1.3367757231835868,31.83,4.033599061611546,result.json,False,main_comparison_20260824_203442,2026-08-27 01:45
default,noshield,ablation,noshield,1,0.1,0.6836666666666666,0.2071453979823016,1.2963684499469246,1.2654586209550625,0.2071453979823016,0.2071453979823016,0.46140072582984437,0.46257866179630136,21.50602367053023,28.43,3.6004436624281,result.json,False,main_comparison_20260824_203442,2026-08-27 02:14
default,noshield,ablation,noshield,3,0.1533333333333333,0.7166666666666667,0.2275244425148889,1.3926632637004428,1.320188570229664,0.227471619399383,0.227471619399383,0.1452242056093119,0.14865975533085396,87.10286420975024,27.66,3.54065022366946,result.json,False,main_comparison_20260824_203442,2026-08-27 02:42
default,noshield,ablation,noshield,5,0.1733333333333333,0.727,0.201314639934009,1.2903811185530598,1.248363939138053,0.2011238477695576,0.2011238477695576,0.018092766608747767,0.020127738515066596,123.38020317896137,56.11,7.948708999632686,result.json,False,main_comparison_20260821_155720,2026-08-21 21:27
default,noshield,ablation,noshield,7,0.0466666666666666,0.5913333333333334,0.1967884481295055,1.1051711466676777,1.0901828014231048,0.1964449082965413,0.1964449082965413,0.658451956208289,0.6588630974147534,1.2300275170498487,58.24,7.988066385954522,result.json,False,main_comparison_20260821_155720,2026-08-21 22:26
default,noshield,ablation,noshield,9,0.06,0.6326666666666667,0.1842294044787271,1.1016982226402297,1.089050412225272,0.1843041134239186,0.1843041134239186,0.6247440589121591,0.6251175256294567,2.122145274705537,111.15,15.705627184236675,result.json,False,ablation_classic_default_20260819_085514,2026-08-19 14:31
default,noshield,ablation,noshield,11,0.1533333333333333,0.6683333333333333,0.2067607686010076,1.268674647720783,1.2249573895403494,0.2065217735112165,0.2065217735112165,0.15817611606350218,0.16024051175826498,86.96206664218899,110.12,15.701133548762764,result.json,False,ablation_classic_default_20260819_085519,2026-08-19 14:28
default,noshield,ablation,noshield,15,0.1066666666666666,0.688,0.2121770555699829,1.2425410431081998,1.2159005956361115,0.2116309338290626,0.2116309338290626,0.42980370829308445,0.43085540745605855,27.201163798189747,187.22,27.121270402255064,result.json,False,ablation_classic_default_20260819_224135,2026-08-20 07:25
default,noshield,ablation,noshield,19,0.1266666666666666,0.6646666666666666,0.1933520099135911,1.2077443095013416,1.1803869245844518,0.1927632425680368,0.1927632425680368,0.32491384086522196,0.3260988575971906,48.49790428579712,187.17,26.982190791526552,result.json,False,ablation_classic_default_20260819_224138,2026-08-20 07:27
default,noshield,ablation,noshield,42,0.0666666666666666,0.669,0.2015872205559432,1.1173885095257388,1.1025337351763265,0.2020199060082343,0.2020199060082343,0.6019001745616214,0.602358945220806,3.6256825089240654,28.72,3.6136807831586135,result.json,False,main_comparison_20260824_203442,2026-08-27 03:11
default,DGMA_adapt,ext_rl,DGMA_adapt,1,0.16666666666666666,0.6473333333333333,0.2055438155365809,1.2626558471454226,1.2241246777163377,0.2048340557247318,0.2048340557247318,0.07514672665528398,0.07700274236072463,5337.992972918935,108.08,0.0,result.json,False,main_comparison_20260824_203442,2026-08-28 13:55
default,DGMA_adapt,ext_rl,DGMA_adapt,3,0.18,0.719,0.2264143896700851,1.3906245822844518,1.3166663547723911,0.2264143896700851,0.2264143896700851,-0.029482224091138463,-0.02590172827134956,5782.883493311746,105.86,0.0,result.json,False,main_comparison_20260824_203442,2026-08-28 13:55
default,DGMA_adapt,ext_rl,DGMA_adapt,5,0.18,0.7106666666666667,0.202628221854492,1.276814933673101,1.237161081156172,0.2028183337254276,0.2028183337254276,-0.02272282517087506,-0.020802521891309655,5338.174667017532,423.49,0.0,result.json,False,main_comparison_20260822_004708,2026-08-28 19:02
default,DGMA_adapt,ext_rl,DGMA_adapt,7,0.06,0.594,0.1971666812430013,1.1104856460751569,1.095427368546138,0.1971666812430013,0.1971666812430013,0.6280097171951176,0.6284513437480538,501.47438533447,456.22,0.0,result.json,False,main_comparison_20260822_004708,2026-08-28 19:02
default,DGMA_adapt,ext_rl,DGMA_adapt,42,0.1,0.706,0.1956655633246222,1.1658591311592257,1.1427492759660214,0.1956655633246222,0.1956655633246222,0.46373768835583856,0.46461610881177406,1621.9536966641356,108.71,0.0,result.json,False,main_comparison_20260824_203442,2026-08-28 13:55
default,DGMA_paper,ext_rl,DGMA_paper,1,0.5133333333333333,0.787,0.3818022998845211,1.314854267903717,1.3523779551367454,0.2857930583205523,0.2857930583205523,-0.5755879226179734,-0.5768023498446521,-0.7573364720644473,170.75,0.0,result.json,False,main_comparison_20260824_203442,2026-08-28 13:56
default,DGMA_paper,ext_rl,DGMA_paper,3,0.7533333333333333,0.8636666666666667,0.4117156473998562,1.3822091743891154,1.4130790458859683,0.3456575115758561,0.3456575115758561,-0.6816649293139206,-0.6824647750109498,-0.7629682417229227,406.71,0.0,result.json,False,main_comparison_20260824_203442,2026-08-28 13:56
default,DGMA_paper,ext_rl,DGMA_paper,5,0.86,0.8986666666666666,0.4162466068936833,1.232750653811208,1.4036750653811192,0.3688039212206147,0.3688039212206147,-0.7178312485304797,-0.7218214967983787,-0.7655460584658473,481.95,0.0,result.json,False,main_comparison_20260822_004708,2026-08-28 19:03
default,DGMA_paper,ext_rl,DGMA_paper,7,0.7866666666666666,0.7863333333333333,0.3826741793942878,1.1558855581363603,1.362859400464545,0.3507342018151437,0.3507342018151437,-0.6813400128559548,-0.6866760302403696,-0.754394289520559,505.49,0.0,result.json,False,main_comparison_20260822_004708,2026-08-28 19:04
default,DGMA_paper,ext_rl,DGMA_paper,42,0.62,0.7823333333333333,0.3750659686745873,1.1419268036768049,1.3022269826569826,0.3037547154216978,0.3037547154216978,-0.612060646310928,-0.6168945866404134,-0.7541635557959759,448.4,0.0,result.json,False,main_comparison_20260824_203442,2026-08-28 13:56
default,GATDQN,ext_rl,GATDQN,1,0.2,0.6546666666666666,0.2089766400205916,1.2667039275721053,1.2425389325871714,0.2077060692678868,0.2077060692678868,-0.14470014024707067,-0.14355367594624435,2724.451471071863,45.11,0.0,result.json,False,main_comparison_20260824_203442,2026-08-28 13:57
default,GATDQN,ext_rl,GATDQN,3,0.5066666666666667,0.7736666666666666,0.2690345829114838,1.4198345528396328,1.3830671544691864,0.2941279265387639,0.2941279265387639,-0.5749765807160825,-0.5737829093928901,27383.81809274746,47.21,0.0,result.json,False,main_comparison_20260824_203442,2026-08-28 13:57
default,GATDQN,ext_rl,GATDQN,5,0.20666666666666667,0.744,0.2076912981268064,1.3136187828261885,1.2746721903015228,0.1975620356601151,0.1975620356601151,-0.2025374535711326,-0.2007272218359309,3737.984499914078,50.95,0.0,result.json,False,main_comparison_20260822_004708,2026-08-28 19:07
default,GATDQN,ext_rl,GATDQN,7,0.1,0.6393333333333333,0.2008669409477474,1.1592147451150467,1.137068484197406,0.1916135156295205,0.1916135156295205,0.471800967992391,0.4726346826555543,5338.141495658666,48.15,0.0,result.json,False,main_comparison_20260822_004708,2026-08-28 19:07
default,GATDQN,ext_rl,GATDQN,42,0.24,0.671,0.2374400561027098,1.1354923689565335,1.1633845565223273,0.2285713134820667,0.2285713134820667,-0.38486527758202327,-0.3860158781218104,14583.046457147117,51.85,0.0,result.json,False,main_comparison_20260824_203442,2026-08-28 13:58
default,PPO,ext_rl,PPO,1,0.9266666666666666,0.7726666666666666,0.3244019055474587,1.2064012579768324,1.4231414004254306,0.1549433046486348,0.1549433046486348,-0.7145575460740777,-0.7196583410085089,-1.0,25.13,0.0,result.json,False,main_comparison_20260824_203442,2026-08-28 13:54
default,PPO,ext_rl,PPO,3,0.64,0.786,0.3397439685611957,1.2100569984221137,1.3494151995792307,0.2324542126976331,0.2324542126976331,-0.6209882690139472,-0.6251190453389087,-1.0,17.48,0.0,result.json,False,main_comparison_20260824_203442,2026-08-28 13:55
default,PPO,ext_rl,PPO,5,1.0,0.9286666666666666,0.2888446262138686,1.1,1.4343999999999986,0.104127413397967,0.104127413397967,-0.7436874308246361,-0.7508415484990553,-1.0,11.2,0.0,result.json,False,main_comparison_20260822_004708,2026-08-28 19:08
default,PPO,ext_rl,PPO,7,0.7533333333333333,0.7566666666666667,0.3098166300168193,0.9764721891092084,1.3354512898944462,0.1651066974330374,0.1651066974330374,-0.6520719902155933,-0.6619560845476818,-1.0,15.31,0.0,result.json,False,main_comparison_20260822_004708,2026-08-28 19:08
default,PPO,ext_rl,PPO,42,0.8533333333333334,0.8563333333333333,0.320490041506753,0.7649810386914718,1.3413972190080818,0.2076727905789894,0.2076727905789894,-0.6877102625025281,-0.7021483422882607,-1.0,32.04,0.0,result.json,False,main_comparison_20260824_203442,2026-08-28 13:55
default,TransEdgeStyle,ext_rl,TransEdgeStyle,1,0.18666666666666668,0.666,0.2077919544882359,1.2989777954207125,1.252389051033765,0.2036720150474622,0.2036720150474622,-0.060973712234080886,-0.05872459172711701,3382.32141876029,47.43,0.0,result.json,False,main_comparison_20260824_203442,2026-08-28 13:58
default,TransEdgeStyle,ext_rl,TransEdgeStyle,3,0.2,0.712,0.2127390526590496,1.3867106882649285,1.318853624295648,0.2257660463029503,0.2257660463029503,-0.15878226614220253,-0.15557584299011867,3738.051615481232,45.83,0.0,result.json,False,main_comparison_20260824_203442,2026-08-28 13:58
default,TransEdgeStyle,ext_rl,TransEdgeStyle,5,0.18666666666666668,0.7263333333333334,0.2078952336838918,1.3022738988876323,1.2582554671249375,0.201463809177879,0.201463809177879,-0.07014375872999665,-0.06802126155675398,5782.880953199249,42.77,0.0,result.json,False,main_comparison_20260822_004708,2026-08-28 19:05
default,TransEdgeStyle,ext_rl,TransEdgeStyle,7,0.08,0.6016666666666667,0.2075729606672807,1.126153817864623,1.1088410009351044,0.1968620871320819,0.1968620871320819,0.5628079365855038,0.5633807732994709,2724.373276888806,33.86,0.0,result.json,False,main_comparison_20260822_004708,2026-08-28 19:05
default,TransEdgeStyle,ext_rl,TransEdgeStyle,42,0.08,0.6656666666666666,0.2135681696422004,1.130085848985178,1.1123422137736227,0.2013016657645056,0.2013016657645056,0.556081753404423,0.5566753079606109,2422.13982134338,39.47,0.0,result.json,False,main_comparison_20260824_203442,2026-08-28 13:58
default,Edge-only,heuristic,Edge-only,1,0.6266666666666667,0.7146666666666667,0.261917159451512,1.3410711688501429,1.403614233770028,0.2608206725046051,0.2608206725046051,-0.6133410012037456,-0.6152277584633483,-0.6540084778088772,,,result.json,False,main_comparison_20260824_203442,2026-08-28 14:02
default,Edge-only,heuristic,Edge-only,3,0.98,0.796,0.2145091186914023,1.1,1.445066666666667,0.2143392693553156,0.2143392693553156,-0.7290890197628276,-0.7368253610583263,-0.7409730707806045,,,result.json,False,main_comparison_20260824_203442,2026-08-28 14:02
default,Edge-only,heuristic,Edge-only,5,1.0,0.8396666666666667,0.174376213705565,1.1,1.4343999999999986,0.1764143645595134,0.1764143645595134,-0.7376614593747508,-0.7449591710244093,-0.7458489492309677,,,result.json,False,main_comparison_20260822_004708,2026-08-28 19:09
default,Edge-only,heuristic,Edge-only,7,0.14,0.6703333333333333,0.2752255751979428,1.3967330147699284,1.353243789748153,0.2703598221774008,0.2703598221774008,0.23584314654358673,0.23783199383826192,-0.5073090686234705,,,result.json,False,main_comparison_20260822_004708,2026-08-28 19:09
default,Edge-only,heuristic,Edge-only,42,0.15333333333333332,0.704,0.2814641968528773,1.467261043473988,1.399314591301926,0.2759020684611413,0.2759020684611413,0.14354570918329948,0.14676832151709152,-0.5613342325883317,,,result.json,False,main_comparison_20260824_203442,2026-08-28 14:02
default,Genetic,heuristic,Genetic,1,0.20666666666666667,0.6563333333333333,0.2766113869163794,1.3352940713072337,1.2902038894396817,0.2717902232658616,0.2717902232658616,-0.19090602838057244,-0.1888001696977157,-0.0191372694498452,,,result.json,False,main_comparison_20260824_203442,2026-08-28 13:54
default,Genetic,heuristic,Genetic,3,0.35333333333333333,0.744,0.2617490450398739,1.460006267868542,1.404469215599874,0.2784197534225591,0.2784197534225591,-0.5082904791921367,-0.5062921820239463,-0.5146510951556671,,,result.json,False,main_comparison_20260824_203442,2026-08-28 13:54
default,Genetic,heuristic,Genetic,5,0.48,0.787,0.2511934052005826,1.4398381793688269,1.4032159628688972,0.250070548216415,0.250070548216415,-0.5661883689852093,-0.5649816221263366,-0.567281409852463,,,result.json,False,main_comparison_20260822_004708,2026-08-28 19:09
default,Genetic,heuristic,Genetic,7,0.05333333333333334,0.609,0.2775196505726878,1.1991210685459617,1.174220680777419,0.2644065553089982,0.2644065553089982,0.6404132046001578,0.6411242834983475,0.0731359351965139,,,result.json,False,main_comparison_20260822_004708,2026-08-28 19:09
default,Genetic,heuristic,Genetic,42,0.02666666666666667,0.659,0.2862843586263445,1.2153121029224452,1.1974829733163503,0.2693044993117399,0.2693044993117399,0.6792130116845108,0.6796780493654483,0.2395908841309336,,,result.json,False,main_comparison_20260824_203442,2026-08-28 13:54
default,Greedy,heuristic,Greedy,1,0.5533333333333333,0.7106666666666667,0.1823002546144271,1.2351612090523487,1.353318253563418,0.1794788885820254,0.1794788885820254,-0.5813691202841155,-0.585146291907544,-0.6269176886375102,,,result.json,False,main_comparison_20260824_203442,2026-08-28 13:54
default,Greedy,heuristic,Greedy,3,0.9333333333333333,0.7906666666666666,0.1552828012547357,1.1570968436588347,1.4353225824975693,0.1567460322538187,0.1567460322538187,-0.7166609966961015,-0.7231544702762398,-0.7148654000639009,,,result.json,False,main_comparison_20260824_203442,2026-08-28 13:54
default,Greedy,heuristic,Greedy,5,0.98,0.8383333333333334,0.1238707825179789,1.393701623183793,1.431540699130341,0.1274538648533092,0.1274538648533092,-0.7385853384650027,-0.7394174252856202,-0.7352777525963781,,,result.json,False,main_comparison_20260822_004708,2026-08-28 19:09
default,Greedy,heuristic,Greedy,7,0.3933333333333333,0.667,0.1854923835061115,1.2316035018846536,1.3190734707915543,0.1823043423952454,0.1823043423952454,-0.5093161689563385,-0.5124479563774973,-0.5859885163825402,,,result.json,False,main_comparison_20260822_004708,2026-08-28 19:09
default,Greedy,heuristic,Greedy,42,0.38666666666666666,0.6976666666666667,0.2005115436281638,1.278164273849041,1.3633813289036414,0.1930291703854704,0.1930291703854704,-0.5114281263668213,-0.5144705119879792,-0.5694419854552598,,,result.json,False,main_comparison_20260824_203442,2026-08-28 13:54
default,HybridPSOGA,heuristic,HybridPSOGA,1,0.1,0.6363333333333333,0.21931960315211257,1.2183253784021946,1.1948268102897992,0.21931960315211257,0.21931960315211257,0.46992226678648946,0.4708088778807998,,,,result_reeval.json,True,HybridPSOGA_rerun_20260831,2026-09-03 18:06
default,HybridPSOGA,heuristic,HybridPSOGA,3,0.25333333333333335,0.7293333333333333,0.23749482229106633,1.4924410643561723,1.410008973267218,0.23749482229106633,0.23749482229106633,-0.46195471074640143,-0.45880740411150445,,,,result_reeval.json,True,HybridPSOGA_rerun_20260831,2026-09-03 18:06
default,HybridPSOGA,heuristic,HybridPSOGA,5,0.6333333333333333,0.7736666666666666,0.21032241310502775,1.470607143198516,1.4291778571678897,0.21032241310502775,0.21032241310502775,-0.6251322670093207,-0.6239079067237661,,,,result_reeval.json,True,HybridPSOGA_rerun_20260831,2026-09-03 18:06
default,HybridPSOGA,heuristic,HybridPSOGA,7,0.013333333333333334,0.5926666666666667,0.21132171676891262,1.0918450574129008,1.0871291892152235,0.21132171676891262,0.21132171676891262,0.6994982081326045,0.699614875750493,,,,result_reeval.json,True,HybridPSOGA_rerun_20260831,2026-09-03 18:06
default,HybridPSOGA,heuristic,HybridPSOGA,42,0.0,0.6543333333333333,0.21720041973514378,1.1128682402251757,1.1090775420873387,0.21720041973514378,0.21720041973514378,0.7025812927803193,0.7026742813585444,,,,result_reeval.json,True,HybridPSOGA_rerun_20260831,2026-09-03 18:06
default,Local-only,heuristic,Local-only,1,1.0,0.9266666666666666,0.4040187820480298,1.1,1.4389999999999994,0.383028398281459,0.383028398281459,-0.7575381201806592,-0.7644505295639337,-0.7801364111529429,,,result.json,False,main_comparison_20260824_203442,2026-08-28 14:02
default,Local-only,heuristic,Local-only,3,1.0,0.9386666666666666,0.4169386326124579,1.1,1.445066666666667,0.4119754469621425,0.4119754469621425,-0.7630101231269744,-0.7699066912032231,-0.7848553783135006,,,result.json,False,main_comparison_20260824_203442,2026-08-28 14:02
default,Local-only,heuristic,Local-only,5,1.0,0.9683333333333334,0.4282378846128795,1.1,1.4343999999999986,0.4172831831634158,0.4172831831634158,-0.7657115477555877,-0.7723311988171144,-0.7886830220749388,,,result.json,False,main_comparison_20260822_004708,2026-08-28 19:09
default,Local-only,heuristic,Local-only,7,1.0,0.879,0.3929598021958814,1.1,1.4317333333333324,0.3834918587772577,0.3834918587772577,-0.7545517200710864,-0.7613897886350329,-0.7765971146834545,,,result.json,False,main_comparison_20260822_004708,2026-08-28 19:09
default,Local-only,heuristic,Local-only,42,1.0,0.8943333333333333,0.3837250039417824,1.1,1.4434666666666665,0.3750355893392738,0.3750355893392738,-0.7541369384067363,-0.7612241572903267,-0.7738987480990028,,,result.json,False,main_comparison_20260824_203442,2026-08-28 14:02
wide,CPGAPPO,research,CPGAPPO,1,0.0,0.0598006644518272,0.1172407871404855,0.3942669383084835,0.3976029002786291,0.1172534492315291,0.1172534492315291,0.7537417757532517,0.7537417757532517,0.1196013289036544,29.27,6.624550694470114,result.json,False,main_comparison_20260824_203442,2026-08-28 06:24
wide,CPGAPPO,research,CPGAPPO,3,0.0466666666666666,0.1597877358490566,0.1341547713076769,0.4777075959934563,0.4670050639956375,0.134265586611301,0.134265586611301,0.7036219495467009,0.7036219495467009,0.3195754716981132,26.5,6.4753787111130645,result.json,False,main_comparison_20260824_203442,2026-08-28 08:49
wide,CPGAPPO,research,CPGAPPO,5,0.0666666666666666,0.2404997397188964,0.131059193712426,0.4587600903767441,0.5060032289205577,0.1310738398336916,0.1310738398336916,0.6530617726638916,0.6530617726638916,2.703221701659999,30.27,6.531354933227783,result.json,False,main_comparison_20260821_155727,2026-08-21 16:27
wide,CPGAPPO,research,CPGAPPO,7,0.0,0.0241935483870967,0.1191424954121887,0.4015671556755403,0.4002064596683412,0.1189922326211588,0.1189922326211588,0.7560391696891491,0.7560391696891491,0.0483870967741935,31.72,6.479890389000045,result.json,False,main_comparison_20260821_155727,2026-08-21 16:59
wide,CPGAPPO,research,CPGAPPO,42,0.02,0.0552922590837282,0.1278609439887486,0.4245079006700329,0.4260204966074966,0.1281823153488902,0.1281823153488902,0.7422793221009865,0.7422793221009865,0.1105845181674565,30.03,6.431348272765615,result.json,False,main_comparison_20260824_203442,2026-08-28 08:32
wide,alloff,ablation,alloff,1,0.0133333333333333,0.1074197120708748,0.11960888505304,0.4221208103911659,0.4254057311874227,0.1197844943680077,0.1197844943680077,0.7434232862753711,0.7434232862753711,0.2148394241417497,28.64,6.621193504373355,result.json,False,main_comparison_20260824_203442,2026-08-28 06:52
wide,alloff,ablation,alloff,3,0.0666666666666666,0.2099056603773585,0.1357628331022063,0.4863732104533967,0.4793807361024331,0.134994239592658,0.134994239592658,0.6556857931632697,0.6556857931632697,2.6420335429769235,25.0,6.286585786043465,result.json,False,main_comparison_20260824_203442,2026-08-28 09:14
wide,alloff,ablation,alloff,5,0.12,0.273815720978657,0.1299496284966812,0.4740783265682605,0.5066357869495677,0.1291084914371014,0.1291084914371014,0.4328167849442369,0.4328167849442369,39.74763144195718,29.01,6.6162574432207455,result.json,False,ablation_classic_wide_20260819_025429,2026-08-19 06:54
wide,alloff,ablation,alloff,7,0.0,0.0383064516129032,0.1219300881866545,0.4240015406824778,0.4164013352581475,0.1219069204841836,0.1219069204841836,0.7551308119647856,0.7551308119647856,0.0766129032258064,30.76,6.413200091134679,result_reeval.json,True,ablation_classic_wide_20260608_114130,2026-06-09 14:21
wide,alloff,ablation,alloff,9,0.0333333333333333,0.1028331584470094,0.1215453180139714,0.4692957504235282,0.4520459903331756,0.1216994399889428,0.1216994399889428,0.7264971199761169,0.7264971199761169,0.2056663168940188,58.59,13.057404328946458,result.json,False,ablation_classic_wide_20260819_085528,2026-08-19 16:51
wide,alloff,ablation,alloff,11,0.0533333333333333,0.1605839416058394,0.1187574120626385,0.4845267468772801,0.4751525364805194,0.1181516774427783,0.1181516774427783,0.6912358571980742,0.6912358571980742,0.4100567721005653,53.62,13.116065656396795,result.json,False,ablation_classic_wide_20260819_085532,2026-08-19 16:14
wide,alloff,ablation,alloff,13,0.0933333333333333,0.2080727686185332,0.1127121587458098,0.4616727172551535,0.4616705390432983,0.1127121587458098,0.1127121587458098,0.5647456824944903,0.5647456824944903,15.438367759459236,12.38,2.727637148877704,result.json,False,ablation_classic_wide_20260819_161954,2026-08-19 22:01
wide,alloff,ablation,alloff,15,0.0466666666666666,0.1732161323681489,0.1358101704251394,0.485403408270016,0.4806673101299427,0.1362654449032143,0.1362654449032143,0.7026034753188904,0.7026034753188904,0.3464322647362978,115.11,26.131997870081754,result.json,False,ablation_classic_wide_20260819_224144,2026-08-20 12:21
wide,alloff,ablation,alloff,19,0.0666666666666666,0.1883008356545961,0.1176549811617459,0.4448483651124454,0.4645312325090466,0.1172386698729488,0.1172386698729488,0.6575293286519799,0.6575293286519799,2.5988238935313985,111.15,27.229175420840164,result.json,False,ablation_classic_wide_20260819_224152,2026-08-20 11:26
wide,alloff,ablation,alloff,42,0.02,0.0826750921537651,0.1308973959949023,0.4384227780638559,0.4314294965327875,0.130884340296728,0.130884340296728,0.740429370528415,0.740429370528415,0.1653501843075303,29.37,6.397752542702094,result.json,False,main_comparison_20260824_203442,2026-08-28 09:01
wide,fwdonly,ablation,fwdonly,1,0.0133333333333333,0.0802879291251384,0.1167926432354491,0.3919639091028482,0.398916350313059,0.1167926432354491,0.1167926432354491,0.7452382806492074,0.7452382806492074,0.1605758582502768,28.9,6.531159565728396,result.json,False,main_comparison_20260824_203442,2026-08-28 07:31
wide,fwdonly,ablation,fwdonly,3,0.06,0.1904481132075471,0.1325999751632991,0.4839337110467681,0.4774695448528567,0.1324961176395871,0.1324961176395871,0.6742763748837768,0.6742763748837768,1.180896226415085,26.28,6.41609194367531,result.json,False,main_comparison_20260824_203442,2026-08-28 08:22
wide,fwdonly,ablation,fwdonly,5,0.1133333333333333,0.2488287350338365,0.1295481997236696,0.4645068933327465,0.5028356311109152,0.1295481997236696,0.1295481997236696,0.46972863838685264,0.46972863838685264,32.58654635895645,30.64,6.683096598829256,result.json,False,ablation_classic_wide_20260819_025429,2026-08-19 06:24
wide,fwdonly,ablation,fwdonly,7,0.0,0.0241935483870967,0.1190350947515051,0.4019339231858339,0.3979125426643005,0.1190350947515051,0.1190350947515051,0.7560391696891491,0.7560391696891491,0.0483870967741935,31.36,6.416327072493369,result_reeval.json,True,ablation_classic_wide_20260608_114130,2026-06-09 11:58
wide,fwdonly,ablation,fwdonly,9,0.02,0.0802728226652675,0.1198413470627818,0.4463530096631231,0.4373365281170234,0.1198413470627818,0.1198413470627818,0.7405921160558965,0.7405921160558965,0.1605456453305351,59.65,13.135963291714305,result.json,False,ablation_classic_wide_20260819_085528,2026-08-19 15:52
wide,fwdonly,ablation,fwdonly,11,0.0533333333333333,0.1268950028074115,0.1159241311380072,0.465921464006427,0.4582660719510797,0.1152660944011623,0.1152660944011623,0.693865468600313,0.693865468600313,0.3426788945037096,54.84,13.12478669808262,result.json,False,ablation_classic_wide_20260819_085532,2026-08-19 15:20
wide,fwdonly,ablation,fwdonly,13,0.08,0.145537237066515,0.1092358900624334,0.4355162877530441,0.4341624872773336,0.109128881897496,0.109128881897496,0.6206119802061327,0.6206119802061327,7.491074474132995,15.91,3.513133448439012,result.json,False,ablation_classic_wide_20260819_161954,2026-08-19 21:49
wide,fwdonly,ablation,fwdonly,15,0.0466666666666666,0.1628748707342295,0.1330367746080036,0.466323764166521,0.4656785753554661,0.1325656072421881,0.1325656072421881,0.7033880617165009,0.7033880617165009,0.3257497414684591,124.59,27.76339332606177,result.json,False,ablation_classic_wide_20260819_224144,2026-08-20 10:25
wide,fwdonly,ablation,fwdonly,19,0.04,0.132033426183844,0.1162724177234749,0.4382558403934595,0.4435728888402316,0.1154361662680921,0.1154361662680921,0.7159596586977172,0.7159596586977172,0.264066852367688,118.19,28.228278955383715,result.json,False,ablation_classic_wide_20260819_224152,2026-08-20 09:34
wide,fwdonly,ablation,fwdonly,42,0.0133333333333333,0.0573986308583465,0.1276496224000094,0.4228747428744656,0.4238064335395154,0.1276501977467986,0.1276501977467986,0.7467609342997992,0.7467609342997992,0.114797261716693,30.33,6.512635850023894,result.json,False,main_comparison_20260824_203442,2026-08-28 08:01
wide,noappcredit,ablation,noappcredit,1,0.0,0.0603543743078626,0.1171352388781897,0.4012211663625297,0.4017998186232758,0.1170880107298062,0.1170880107298062,0.7537059036292642,0.7537059036292642,0.1207087486157253,33.69,7.682874370901692,result.json,False,main_comparison_20260824_203442,2026-08-28 06:28
wide,noappcredit,ablation,noappcredit,3,0.0533333333333333,0.1751179245283018,0.1333765377001681,0.473262625088603,0.4692705717174658,0.1333765377001681,0.1333765377001681,0.6900957092460579,0.6900957092460579,0.4391247379454902,31.04,7.597049090702666,result.json,False,main_comparison_20260824_203442,2026-08-28 07:25
wide,noappcredit,ablation,noappcredit,5,0.1,0.2431025507548152,0.1286393585318524,0.4938667214132655,0.5077706841855781,0.1287089381706638,0.1287089381706638,0.532814939201097,0.532814939201097,20.486205101509565,35.61,7.843288105977495,result.json,False,main_comparison_20260821_155727,2026-08-21 21:04
wide,noappcredit,ablation,noappcredit,7,0.0,0.0226814516129032,0.1191562749307533,0.3924915314296531,0.3922919830867383,0.1190410816618817,0.1190410816618817,0.7561363214493338,0.7561363214493338,0.0453629032258064,37.92,7.848915415483506,result.json,False,main_comparison_20260821_155727,2026-08-21 21:42
wide,noappcredit,ablation,noappcredit,9,0.0133333333333333,0.0687303252885624,0.1195434096280419,0.4371759816750081,0.4288003573295071,0.1195669613134873,0.1195669613134873,0.746008096403094,0.746008096403094,0.1374606505771248,70.79,15.608663777295046,result.json,False,ablation_classic_wide_20260819_085528,2026-08-19 13:40
wide,noappcredit,ablation,noappcredit,11,0.0466666666666666,0.1297024143739472,0.1159208661762399,0.4613609512255953,0.4596800817925517,0.1158106114607869,0.1158106114607869,0.7058933065920436,0.7058933065920436,0.2594048287478944,65.53,15.648292665302616,result.json,False,ablation_classic_wide_20260819_085532,2026-08-19 13:19
wide,noappcredit,ablation,noappcredit,13,0.04,0.1279135872654917,0.111111551975291,0.4381923765003853,0.4324205678669749,0.1111453532199087,0.1111453532199087,0.7162607279679233,0.7162607279679233,0.2558271745309835,72.13,17.545092905721948,result.json,False,ablation_classic_wide_20260819_161954,2026-08-19 20:40
wide,noappcredit,ablation,noappcredit,15,0.0266666666666666,0.1137538779731127,0.1345653954049115,0.473179648907176,0.4623833589162609,0.1344651625882573,0.1344651625882573,0.7326411374901705,0.7326411374901705,0.2275077559462254,107.82,24.01352069446741,result.json,False,ablation_classic_wide_20260819_224144,2026-08-20 05:54
wide,noappcredit,ablation,noappcredit,19,0.0333333333333333,0.1142061281337047,0.1156654947561253,0.4385279404139625,0.4411753131256504,0.1148196418097932,0.1148196418097932,0.7256905704063222,0.7256905704063222,0.2284122562674094,95.77,22.874706972029973,result.json,False,ablation_classic_wide_20260819_224152,2026-08-20 05:25
wide,noappcredit,ablation,noappcredit,42,0.0066666666666666,0.0537124802527646,0.1275111010410689,0.4227225742361998,0.4229351339741546,0.127577646392706,0.127577646392706,0.7508619166017964,0.7508619166017964,0.1074249605055292,17.83,3.523892984294777,result.json,False,main_comparison_20260824_203442,2026-08-28 05:19
wide,nocp,ablation,nocp,1,0.0133333333333333,0.0819490586932447,0.1171697818867089,0.4064629155115351,0.4060247740065869,0.1171180284484746,0.1171180284484746,0.7451274743851903,0.7451274743851903,0.1638981173864895,34.23,7.834843714592719,result.json,False,main_comparison_20260824_203442,2026-08-28 05:54
wide,nocp,ablation,nocp,3,0.0733333333333333,0.2040094339622641,0.1321652414323972,0.4557217637729066,0.4727275485531198,0.1335678123942618,0.1335678123942618,0.6368561656587921,0.6368561656587921,4.763574423480061,31.58,7.737907588961134,result_reeval.json (ablation_classic_wide_20260608_114130),True,main_comparison_20260824_203442,2026-08-28 06:54
wide,nocp,ablation,nocp,5,0.1266666666666666,0.2654867256637168,0.1276460427951814,0.4633364030297808,0.5067342542422674,0.1277015186969062,0.1277015186969062,0.3982843872941144,0.3982843872941144,47.55319567354954,35.86,7.926291341960399,result.json,False,main_comparison_20260821_155727,2026-08-21 22:18
wide,nocp,ablation,nocp,7,0.0066666666666666,0.032258064516129,0.1190438527649636,0.4147512927918608,0.4128728474165663,0.1190870109198517,0.1190870109198517,0.7522623108215957,0.7522623108215957,0.064516129032258,38.32,7.928524901253272,result.json,False,main_comparison_20260821_155727,2026-08-21 22:57
wide,nocp,ablation,nocp,9,0.0066666666666666,0.0876180482686253,0.1201873475191504,0.4606492216403191,0.4499947002674597,0.1201873475191504,0.1201873475191504,0.7486349578072194,0.7486349578072194,0.1752360965372507,70.85,15.631325137216132,result.json,False,ablation_classic_wide_20260819_085528,2026-08-19 14:52
wide,nocp,ablation,nocp,11,0.0466666666666666,0.1420550252667041,0.1161215498602328,0.4661866832520117,0.4676577888346744,0.1164107450551225,0.1164107450551225,0.7049624673133048,0.7049624673133048,0.2841100505334082,65.58,15.66906235836568,result.json,False,ablation_classic_wide_20260819_085532,2026-08-19 14:25
wide,nocp,ablation,nocp,13,0.08,0.1631608868675383,0.1092789801105995,0.4474107295285678,0.4466494162448545,0.1092789801105995,0.1092789801105995,0.6189839522657009,0.6189839522657009,7.526321773735042,52.32,12.781987253645932,result.json,False,ablation_classic_wide_20260819_161954,2026-08-19 21:33
wide,nocp,ablation,nocp,15,0.06,0.1742502585315408,0.1330072401232396,0.4787255214199777,0.4723601496614531,0.1330072401232396,0.1330072401232396,0.6755992334116044,0.6755992334116044,1.1485005170630724,144.37,32.287528788441335,result.json,False,ablation_classic_wide_20260819_224144,2026-08-20 08:19
wide,nocp,ablation,nocp,19,0.0533333333333333,0.1899721448467966,0.112546451213178,0.4406545647613301,0.4650581953329309,0.112546451213178,0.112546451213178,0.6889268893793068,0.6889268893793068,0.4688331785824798,129.06,30.810807298983505,result.json,False,ablation_classic_wide_20260819_224152,2026-08-20 07:35
wide,nocp,ablation,nocp,42,0.0133333333333333,0.0642443391258557,0.1272316368394108,0.4261921015704058,0.4337982774028957,0.1273827421758348,0.1273827421758348,0.7463063579691274,0.7463063579691274,0.1284886782517114,17.43,3.4311979057509374,result.json,False,main_comparison_20260824_203442,2026-08-28 05:00
wide,noguidece,ablation,noguidece,1,0.02,0.1007751937984496,0.1162500632949335,0.4049219103282386,0.4147364870669673,0.1162500632949335,0.1162500632949335,0.7392003557974207,0.7392003557974207,0.2015503875968992,33.34,7.616055376847177,result.json,False,main_comparison_20260824_203442,2026-08-28 05:51
wide,noguidece,ablation,noguidece,3,0.0466666666666666,0.1745283018867924,0.1338184250233156,0.4832998330126632,0.4726465664742645,0.1338184250233156,0.1338184250233156,0.7025037993040824,0.7025037993040824,0.3490566037735849,31.03,7.672307218127202,result.json,False,main_comparison_20260824_203442,2026-08-28 06:22
wide,noguidece,ablation,noguidece,5,0.0666666666666666,0.2222800624674648,0.1316528819707758,0.4685780536118127,0.5064495623927984,0.1316528819707758,0.1316528819707758,0.6546263522710746,0.6546263522710746,2.666782347157136,43.96,9.644487880918309,result.json,False,main_comparison_20260821_155727,2026-08-21 17:44
wide,noguidece,ablation,noguidece,7,0.0,0.0277217741935483,0.1189389618031236,0.4057518969058432,0.4057584118200424,0.1189389618031236,0.1189389618031236,0.755812352639109,0.755812352639109,0.0554435483870967,62.29,13.077629723506808,result.json,False,main_comparison_20260821_155727,2026-08-21 18:47
wide,noguidece,ablation,noguidece,9,0.0066666666666666,0.0891920251836306,0.1206641330907187,0.4511541938348644,0.4421182454057509,0.1206641330907187,0.1206641330907187,0.7485311642459019,0.7485311642459019,0.1783840503672613,70.98,15.621199626222426,result.json,False,ablation_classic_wide_20260819_085528,2026-08-19 11:18
wide,noguidece,ablation,noguidece,11,0.0466666666666666,0.1252105558674901,0.1175604039707955,0.458727436177279,0.4581504207143078,0.1175604039707955,0.1175604039707955,0.7062311905137664,0.7062311905137664,0.2504211117349803,65.57,15.63775195316092,result.json,False,ablation_classic_wide_20260819_085532,2026-08-19 11:07
wide,noguidece,ablation,noguidece,13,0.0333333333333333,0.1335986355884025,0.1122191773486723,0.4370011965044884,0.4381409811336805,0.1122191773486723,0.1122191773486723,0.7243106774366826,0.7243106774366826,0.267197271176805,63.22,15.208738072495748,result.json,False,ablation_classic_wide_20260819_161954,2026-08-19 18:24
wide,noguidece,ablation,noguidece,15,0.0333333333333333,0.1639089968976215,0.1331470196100999,0.4782933756503795,0.4729532703988995,0.1331470196100999,0.1331470196100999,0.7221422376023264,0.7221422376023264,0.327817993795243,110.75,24.602588692941467,result.json,False,ablation_classic_wide_20260819_224144,2026-08-20 02:25
wide,noguidece,ablation,noguidece,19,0.0333333333333333,0.1314763231197771,0.1165900047676487,0.4291801498899582,0.4432326492482341,0.1165900047676487,0.1165900047676487,0.7244619763834172,0.7244619763834172,0.2629526462395543,105.07,25.02131891743713,result.json,False,ablation_classic_wide_20260819_224152,2026-08-20 02:12
wide,noguidece,ablation,noguidece,42,0.0133333333333333,0.0542390731964191,0.1273349146634188,0.4307272447861953,0.4297781570437598,0.1273349146634188,0.1273349146634188,0.7469705037669108,0.7469705037669108,0.1084781463928383,17.43,3.4296891844038515,result.json,False,main_comparison_20260824_203442,2026-08-28 04:43
wide,noshield,ablation,noshield,1,0.0266666666666666,0.101328903654485,0.1182652234508233,0.4119943413967167,0.4204887310026629,0.1193467890953212,0.1193467890953212,0.7335033153315769,0.7335033153315769,0.2026578073089701,33.58,7.747936928761777,result.json,False,main_comparison_20260824_203442,2026-08-28 07:02
wide,noshield,ablation,noshield,3,0.06,0.2158018867924528,0.1350203436340041,0.5046566913986729,0.4853283456993364,0.1350212222187856,0.1350212222187856,0.6721970455727997,0.6721970455727997,1.2316037735848964,30.5,7.54825623701629,result.json,False,main_comparison_20260824_203442,2026-08-28 07:56
wide,noshield,ablation,noshield,5,0.1333333333333333,0.2785007808433107,0.1276656042400428,0.4552378889108631,0.5044697807471862,0.1277973053833888,0.1277973053833888,0.3595584473697229,0.3595584473697229,56.11255711724201,56.58,13.025164041378046,result.json,False,main_comparison_20260821_155727,2026-08-21 19:44
wide,noshield,ablation,noshield,7,0.0,0.0352822580645161,0.1207285941260093,0.4108054036543879,0.4050420885491947,0.1214225873322815,0.1214225873322815,0.7553257047228716,0.7553257047228716,0.0705645161290322,44.02,9.234670681533329,result.json,False,main_comparison_20260821_155727,2026-08-21 20:28
wide,noshield,ablation,noshield,9,0.0266666666666666,0.0886673662119622,0.1212468782800913,0.4582357923193944,0.4423886338555156,0.1212468782800913,0.1212468782800913,0.7343794867405476,0.7343794867405476,0.1773347324239244,70.37,15.660428052283818,result.json,False,ablation_classic_wide_20260819_085528,2026-08-19 12:29
wide,noshield,ablation,noshield,11,0.0466666666666666,0.1471083660864682,0.1183917088976829,0.4783652268280037,0.4728082376089892,0.1184050533970324,0.1184050533970324,0.7045809677993969,0.7045809677993969,0.2942167321729365,65.19,15.661179868765188,result.json,False,ablation_classic_wide_20260819_085532,2026-08-19 12:13
wide,noshield,ablation,noshield,13,0.0866666666666666,0.1944286526435474,0.1117415620353065,0.4629532918225599,0.4585885498271905,0.1117444989134179,0.1117444989134179,0.5921936225061643,0.5921936225061643,11.144412860842609,63.19,15.699960458774465,result.json,False,ablation_classic_wide_20260819_161954,2026-08-19 19:27
wide,noshield,ablation,noshield,15,0.0466666666666666,0.1737331954498449,0.1351842160404583,0.4896939020848721,0.4792850485703575,0.1351838577366838,0.1351838577366838,0.7025642010725349,0.7025642010725349,0.3474663908996898,99.28,22.40727831704821,result.json,False,ablation_classic_wide_20260819_224144,2026-08-20 04:05
wide,noshield,ablation,noshield,19,0.06,0.1860724233983287,0.1158882242131434,0.4318613950174697,0.4545448245786626,0.1162696989100982,0.1162696989100982,0.6746341597548268,0.6746341597548268,1.1721448467966482,96.17,23.241154371863924,result.json,False,ablation_classic_wide_20260819_224152,2026-08-20 03:49
wide,noshield,ablation,noshield,42,0.0133333333333333,0.0668773038441284,0.1289159950826885,0.4336561045414661,0.4286109165723276,0.1289879918750813,0.1289879918750813,0.7461313352923699,0.7461313352923699,0.1337546076882569,35.27,7.724899910364961,result.json,False,main_comparison_20260824_203442,2026-08-28 05:54
wide,DGMA_adapt,ext_rl,DGMA_adapt,1,0.02,0.10520487264673312,0.1188572925150498,0.4221741123488472,0.4246871172947367,0.1184835305631052,0.1184835305631052,0.7388988237975762,0.7388988237975762,2.422665190107035,151.84,0.0,result.json,False,main_comparison_20260824_203442,2026-08-28 13:55
wide,DGMA_adapt,ext_rl,DGMA_adapt,3,0.08666666666666667,0.2104952830188679,0.1348341866393581,0.498659223742712,0.4822491652959186,0.1344379758112432,0.1344379758112432,0.5906265634144814,0.5906265634144814,980.4009433962244,139.09,0.0,result.json,False,main_comparison_20260824_203442,2026-08-28 13:56
wide,DGMA_adapt,ext_rl,DGMA_adapt,5,0.12666666666666668,0.2857886517438834,0.1290350196322614,0.4840312790901953,0.502438344193673,0.1292179338756436,0.1292179338756436,0.395719070422455,0.395719070422455,3042.8000462721907,274.76,0.0,result.json,False,main_comparison_20260822_012543,2026-08-28 19:02
wide,DGMA_adapt,ext_rl,DGMA_adapt,7,0.0,0.03931451612903226,0.1207803996106983,0.4123801082211065,0.4085294271249591,0.1218298123934073,0.1218298123934073,0.7550658180334652,0.7550658180334652,0.0897177419354838,303.19,0.0,result.json,False,main_comparison_20260822_012543,2026-08-28 19:02
wide,DGMA_adapt,ext_rl,DGMA_adapt,42,0.02,0.08741442864665613,0.1306093894041157,0.4301513682351124,0.4277251310743596,0.1306785997184491,0.1306785997184491,0.7401080419557413,0.7401080419557413,20.17588204318055,141.71,0.0,result.json,False,main_comparison_20260824_203442,2026-08-28 13:56
wide,DGMA_paper,ext_rl,DGMA_paper,1,0.3933333333333333,0.4706533776301218,0.2374465906851264,0.4101160403557634,0.4865689190424337,0.1644976833166981,0.1644976833166981,-0.46729029638869846,-0.46729029638869846,-0.7050190587508842,195.91,0.0,result.json,False,main_comparison_20260824_203442,2026-08-28 13:57
wide,DGMA_paper,ext_rl,DGMA_paper,3,0.72,0.7028301886792453,0.2438248539920720,0.4670151734904617,0.5039482851723157,0.232315747015335,0.232315747015335,-0.6275866003215337,-0.6275866003215337,-0.7418231259378799,172.86,0.0,result.json,False,main_comparison_20260824_203442,2026-08-28 13:57
wide,DGMA_paper,ext_rl,DGMA_paper,5,0.8266666666666667,0.8193649141072358,0.2521052866293651,0.3403258078674338,0.5214840430862625,0.224321762436213,0.224321762436213,-0.6744733035751008,-0.6744733035751008,-0.7452201180171836,188.71,0.0,result.json,False,main_comparison_20260822_012543,2026-08-28 19:04
wide,DGMA_paper,ext_rl,DGMA_paper,7,0.5533333333333333,0.5730846774193549,0.2421378399705301,0.3734144768400887,0.5099251759856149,0.2215875134117697,0.2215875134117697,-0.5497079509334931,-0.5497079509334931,-0.6791806564785953,320.93,0.0,result.json,False,main_comparison_20260822_012543,2026-08-28 19:04
wide,DGMA_paper,ext_rl,DGMA_paper,42,0.56,0.583464981569247,0.2440226230461018,0.4079422964946871,0.5033080746089015,0.2060671671212139,0.2060671671212139,-0.5535739256150092,-0.5535739256150092,-0.7164635523632693,181.73,0.0,result.json,False,main_comparison_20260824_203442,2026-08-28 13:57
wide,GATDQN,ext_rl,GATDQN,1,0.03333333333333333,0.13565891472868216,0.1346962900297302,0.412823575672193,0.4248965082133836,0.1189760158778653,0.1189760158778653,0.7241637340656597,0.7241637340656597,802.7026790714606,20.02,0.0,result.json,False,main_comparison_20260824_203442,2026-08-28 13:55
wide,GATDQN,ext_rl,GATDQN,3,0.31333333333333335,0.44398584905660377,0.1580145543211367,0.4143902100275274,0.480113808943243,0.2006277464273705,0.2006277464273705,-0.425671122206844,-0.425671122206844,18403.168458266293,16.86,0.0,result.json,False,main_comparison_20260824_203442,2026-08-28 13:55
wide,GATDQN,ext_rl,GATDQN,5,0.16666666666666666,0.3310775637688704,0.1370531916585234,0.3572192317504404,0.5117440257783944,0.1248581072077439,0.1248581072077439,0.14887279402796424,0.14887279402796424,2722.81807230586,23.84,0.0,result.json,False,main_comparison_20260822_012543,2026-08-28 19:08
wide,GATDQN,ext_rl,GATDQN,7,0.0,0.03679435483870968,0.148401131886962,0.4188841576734962,0.4131219201635602,0.121944738985781,0.121944738985781,0.7552282750360749,0.7552282750360749,375.9254345173589,29.16,0.0,result.json,False,main_comparison_20260822_012543,2026-08-28 19:08
wide,GATDQN,ext_rl,GATDQN,42,0.08,0.13270142180094788,0.1497935109182745,0.4353241820966949,0.4502108838461769,0.1329598997133781,0.1329598997133781,0.621794363286032,0.621794363286032,2420.619073193163,22.99,0.0,result.json,False,main_comparison_20260824_203442,2026-08-28 13:55
wide,PPO,ext_rl,PPO,1,0.6733333333333333,0.7004429678848284,0.1783091544013435,0.4044384114680292,0.5022509670153105,0.0842382344135443,0.0842382344135443,-0.6100910912833347,-0.6100910912833347,-1.0,11.14,0.0,result.json,False,main_comparison_20260824_203442,2026-08-28 13:55
wide,PPO,ext_rl,PPO,3,0.7066666666666667,0.7405660377358491,0.1852073352853712,0.300580148272232,0.503097607907852,0.1526554027426081,0.1526554027426081,-0.6261663902879289,-0.6261663902879289,-1.0,8.94,0.0,result.json,False,main_comparison_20260824_203442,2026-08-28 13:55
wide,PPO,ext_rl,PPO,5,0.18666666666666668,0.355543987506507,0.1684035711388499,0.3399884273504129,0.500464197834754,0.1332094664257598,0.1332094664257598,0.014538175717090502,0.014538175717090502,-1.0,23.99,0.0,result.json,False,main_comparison_20260822_012543,2026-08-28 19:09
wide,PPO,ext_rl,PPO,7,0.8733333333333333,0.84375,0.180798515126847,0.3759332725308505,0.5395457769670774,0.0671548169801246,0.0671548169801246,-0.6913632185446922,-0.6913632185446922,-1.0,35.13,0.0,result.json,False,main_comparison_20260822_012543,2026-08-28 19:09
wide,PPO,ext_rl,PPO,42,0.82,0.6477093206951027,0.1867062465079143,0.4415770333898914,0.516694622003393,0.233727828800594,0.233727828800594,-0.6579308720798458,-0.6579308720798458,-1.0,18.86,0.0,result.json,False,main_comparison_20260824_203442,2026-08-28 13:55
wide,TransEdgeStyle,ext_rl,TransEdgeStyle,1,0.02666666666666667,0.12292358803986711,0.1336423095371606,0.4189965980303194,0.4306840131303157,0.1179611615270281,0.1179611615270281,0.7320033328691106,0.7320033328691106,1175.9641934293072,27.27,0.0,result.json,False,main_comparison_20260824_203442,2026-08-28 13:55
wide,TransEdgeStyle,ext_rl,TransEdgeStyle,3,0.09333333333333334,0.2340801886792453,0.1242662969520247,0.4747277403847854,0.4865856509616095,0.1357718274386012,0.1357718274386012,0.5620829285377409,0.5620829285377409,1389.3122379454896,25.86,0.0,result.json,False,main_comparison_20260824_203442,2026-08-28 13:56
wide,TransEdgeStyle,ext_rl,TransEdgeStyle,5,0.13333333333333333,0.2946382092660073,0.1380004934795412,0.4617181720041858,0.509669633681144,0.1292390505847922,0.1292390505847922,0.3574489437389828,0.3574489437389828,3380.5955231650128,47.79,0.0,result.json,False,main_comparison_20260822_012543,2026-08-28 19:06
wide,TransEdgeStyle,ext_rl,TransEdgeStyle,7,0.013333333333333334,0.05493951612903226,0.1473725075482649,0.4287633990745841,0.4225365232041422,0.1216567580631215,0.1216567580631215,0.746924057071129,0.746924057071129,269.2054211469528,51.82,0.0,result.json,False,main_comparison_20260822_012543,2026-08-28 19:06
wide,TransEdgeStyle,ext_rl,TransEdgeStyle,42,0.03333333333333333,0.0937335439705108,0.1439549226917922,0.4324566904490111,0.4358986856925422,0.1297554936308816,0.1297554936308816,0.7271410094124607,0.7271410094124607,109.20379146919404,18.31,0.0,result.json,False,main_comparison_20260824_203442,2026-08-28 13:56
wide,Edge-only,heuristic,Edge-only,1,0.32,0.4568106312292359,0.1472371205084517,0.3194363880013327,0.4621454626671106,0.1323511058479233,0.1323511058479233,-0.4305092300678669,-0.4305092300678669,-0.5116434045668196,,,result.json,False,main_comparison_20260824_203442,2026-08-28 14:02
wide,Edge-only,heuristic,Edge-only,3,0.58,0.6497641509433962,0.1166607439337368,0.3624241358251847,0.4929858386873674,0.1235766303147937,0.1235766303147937,-0.568608864104681,-0.568608864104681,-0.5730548419890519,,,result.json,False,main_comparison_20260824_203442,2026-08-28 14:02
wide,Edge-only,heuristic,Edge-only,5,0.7266666666666667,0.7605413846954711,0.114030717035521,1.1,0.530066666666666,0.1084687571857872,0.1084687571857872,-0.6466159528396183,-0.6351973972523646,-0.6476103349464031,,,result.json,False,main_comparison_20260822_012543,2026-08-28 19:09
wide,Edge-only,heuristic,Edge-only,7,0.28,0.4324596774193548,0.1548822715862464,0.2839849522677986,0.4728466120129493,0.1443123184491219,0.1443123184491219,-0.4077161421484505,-0.4077161421484505,-0.5055438122436552,,,result.json,False,main_comparison_20260822_012543,2026-08-28 19:09
wide,Edge-only,heuristic,Edge-only,42,0.34,0.46392838335966297,0.1499031235438664,0.30742278688647,0.4860570808747325,0.1469759117382401,0.1469759117382401,-0.44109480150905295,-0.44109480150905295,-0.490892716025788,,,result.json,False,main_comparison_20260824_203442,2026-08-28 14:02
wide,Genetic,heuristic,Genetic,1,0.08666666666666667,0.19490586932447398,0.1590453005172773,0.3530533708290691,0.42966713485841,0.1438985611659039,0.1438985611659039,0.5921471415366771,0.5921471415366771,0.3400943257998265,,,result.json,False,main_comparison_20260824_203442,2026-08-28 13:54
wide,Genetic,heuristic,Genetic,3,0.17333333333333334,0.3007075471698113,0.1439382279352073,0.4108233280568218,0.4712736422634864,0.1533544491911066,0.1533544491911066,0.11019306085438753,0.11019306085438753,0.1682051873814615,,,result.json,False,main_comparison_20260824_203442,2026-08-28 13:55
wide,Genetic,heuristic,Genetic,5,0.2733333333333333,0.4221759500260281,0.1523130843063931,0.393125670710815,0.5107376296707571,0.148735176596825,0.148735176596825,-0.4030845171577047,-0.4030845171577047,-0.422502346332687,,,result.json,False,main_comparison_20260822_012543,2026-08-28 19:09
wide,Genetic,heuristic,Genetic,7,0.12666666666666668,0.2918346774193548,0.170841468655169,0.3465848280527552,0.4552370577667445,0.1505339906661932,0.1505339906661932,0.39495390750313175,0.39495390750313175,-0.098309383288075,,,result.json,False,main_comparison_20260822_012543,2026-08-28 19:09
wide,Genetic,heuristic,Genetic,42,0.17333333333333334,0.2996313849394418,0.1652743117335042,0.3333863731827389,0.461695308185345,0.1545020429194853,0.1545020429194853,0.1103525222543805,0.1103525222543805,-0.0933739155625449,,,result.json,False,main_comparison_20260824_203442,2026-08-28 13:55
wide,Greedy,heuristic,Greedy,1,0.28,0.4390919158361019,0.1029593280709982,0.3166531969488817,0.44699434271853,0.0965587243424062,0.0965587243424062,-0.4085452673467611,-0.4085452673467611,-0.5072113774069927,,,result.json,False,main_comparison_20260824_203442,2026-08-28 13:55
wide,Greedy,heuristic,Greedy,3,0.5466666666666666,0.6444575471698113,0.0852276932008015,0.3221487381381706,0.4864534395315373,0.089878644359276,0.089878644359276,-0.5543702346873626,-0.5543702346873626,-0.5577251782656691,,,result.json,False,main_comparison_20260824_203442,2026-08-28 13:55
wide,Greedy,heuristic,Greedy,5,0.6866666666666666,0.7688703800104112,0.0855190658528823,1.1,0.530066666666666,0.0800060743713297,0.0800060743713297,-0.633182322931683,-0.6214294952592992,-0.6369616870557253,,,result.json,False,main_comparison_20260822_012543,2026-08-28 19:09
wide,Greedy,heuristic,Greedy,7,0.24,0.43044354838709675,0.1137663188881965,0.3080529157927577,0.4654801440016633,0.1035001627679026,0.1035001627679026,-0.33511163216166523,-0.33511163216166523,-0.4902531522326503,,,result.json,False,main_comparison_20260822_012543,2026-08-28 19:09
wide,Greedy,heuristic,Greedy,42,0.32,0.4702474986835176,0.1105058973127978,0.2926851923720919,0.4727666692539524,0.1039435072865594,0.1039435072865594,-0.4321497797340307,-0.4321497797340307,-0.4710648142867998,,,result.json,False,main_comparison_20260824_203442,2026-08-28 13:55
wide,HybridPSOGA,heuristic,HybridPSOGA,1,0.06666666666666667,0.30841638981173863,0.1222163244151173,0.3339616782042062,0.4280839290678285,0.1222163244151173,0.1222163244151173,0.6471802107502559,0.6471802107502559,,,,result_reeval.json,True,HybridPSOGA_rerun_20260831,2026-09-03 18:06
wide,HybridPSOGA,heuristic,HybridPSOGA,3,0.33333333333333326,0.49233490566037735,0.12770856803189043,0.3207805693337024,0.47897172525341425,0.12770856803189043,0.12770856803189043,-0.441304978501047,-0.441304978501047,,,,result_reeval.json,True,HybridPSOGA_rerun_20260831,2026-09-03 18:06
wide,HybridPSOGA,heuristic,HybridPSOGA,5,0.5133333333333333,0.6106194690265486,0.1347212774782123,0.4001288898606669,0.524009451923115,0.1347212774782123,0.1347212774782123,-0.5367598348485247,-0.5367598348485247,,,,result_reeval.json,True,HybridPSOGA_rerun_20260831,2026-09-03 18:06
wide,HybridPSOGA,heuristic,HybridPSOGA,7,0.08,0.3482862903225806,0.12412923879288976,0.2930585020771962,0.44050726453810685,0.12412923879288976,0.12412923879288976,0.6015594943618963,0.6015594943618963,,,,result_reeval.json,True,HybridPSOGA_rerun_20260831,2026-09-03 18:06
wide,HybridPSOGA,heuristic,HybridPSOGA,42,0.06,0.3459715639810427,0.13644199678545368,0.3297060155510479,0.4541647822492668,0.13644199678545368,0.13644199678545368,0.6613532002646177,0.6613532002646177,,,,result_reeval.json,True,HybridPSOGA_rerun_20260831,2026-09-03 18:06
wide,Local-only,heuristic,Local-only,1,0.8866666666666667,0.8394241417497231,0.2446458610904041,1.1,0.5233999999999994,0.2367292115942664,0.2367292115942664,-0.7050608294050814,-0.6951811554247703,-0.7349275176326464,,,result.json,False,main_comparison_20260824_203442,2026-08-28 14:02
wide,Local-only,heuristic,Local-only,3,1.0,0.9015330188679245,0.2503149156987744,1.1,0.5120666666666664,0.2409137248709866,0.2409137248709866,-0.7418628961866559,-0.7330229668300845,-0.7306468901028083,,,result.json,False,main_comparison_20260824_203442,2026-08-28 14:02
wide,Local-only,heuristic,Local-only,5,1.0,0.9515877147319105,0.2716500492753667,1.1,0.530066666666666,0.2521052866293651,0.2521052866293651,-0.7452201180171836,-0.7364777637489823,-0.7511512381213838,,,result.json,False,main_comparison_20260822_012543,2026-08-28 19:09
wide,Local-only,heuristic,Local-only,7,0.8133333333333334,0.8014112903225806,0.261416336303366,1.1,0.541066666666666,0.2414971401657292,0.2414971401657292,-0.6791806564785953,-0.668602560710135,-0.7301271586263156,,,result.json,False,main_comparison_20260822_012543,2026-08-28 19:09
wide,Local-only,heuristic,Local-only,42,0.9266666666666666,0.8314902580305424,0.2416316149992789,1.1,0.527066666666666,0.2425941340227439,0.2425941340227439,-0.7163482057730675,-0.706781607607672,-0.7317961652620371,,,result.json,False,main_comparison_20260824_203442,2026-08-28 14:02
