dag,reviewer,param_key,param_val,is_default,seed,app_timeout_rate,delay_succ,delay_all,UtilityScore_all,UtilityScore_succ,energy
chain,R1-6,LAMBDA_GUIDE,0,False,1,0.12,1.3953593046204136,1.3674421335423175,0.3523222363158155,0.3511369926709227,0.2089078394813462
chain,R1-6,LAMBDA_GUIDE,0p05,False,1,0.1,1.3666276664688926,1.3495021331751145,0.4603183107335723,0.4596641485551594,0.20899553436709353
chain,R1-6,LAMBDA_GUIDE,0p1,False,1,0.08,1.372157480045361,1.3510305509690175,0.5482936589495105,0.5475773838412167,0.20994364315910063
chain,R1-6,LAMBDA_GUIDE,0p2,False,1,0.08,1.3804551298372092,1.3545671380686823,0.5478589574425781,0.5469805575192004,0.21023020843732956
chain,R1-6,LAMBDA_GUIDE,0p4,False,1,0.08666666666666667,1.3812534646890837,1.357444369124152,0.5208089222741314,0.519967764663024,0.20886749492260342
chain,R1-6,LAMBDA_GUIDE,0p05,False,3,0.15333333333333332,1.5749938841404647,1.5081624671097857,0.13684835630663117,0.1336696413839637,0.2313067550138789
chain,R1-6,LAMBDA_GUIDE,0p1,False,3,0.11333333333333333,1.5494389410301592,1.5048814061740434,0.37810801795045,0.3762563477157562,0.23382707863354937
chain,R1-6,LAMBDA_GUIDE,0p2,False,3,0.16,1.569889956020738,1.5091903695077125,0.09323406077178184,0.09031796196562093,0.23085752488208366
chain,R1-6,LAMBDA_GUIDE,0p4,False,3,0.16666666666666666,1.5762177123150447,1.5117865929587977,0.04768218577817231,0.04456716685749162,0.2298697665812918
chain,R1-6,LAMBDA_GUIDE,0,False,3,0.18666666666666668,1.5826929899380715,1.5104876070278594,-0.08484255551801966,-0.088314651793566,0.2268826979931494
chain,R1-6,LAMBDA_GUIDE,0p05,False,5,0.15333333333333332,1.5139237260696181,1.4677584161034587,0.13690483850766338,0.13470940068153212,0.20405508669467876
chain,R1-6,LAMBDA_GUIDE,0p1,False,5,0.13333333333333333,1.504799054627377,1.4612206463625614,0.2650878765416499,0.26312379157821714,0.20445464078860204
chain,R1-6,LAMBDA_GUIDE,0p2,False,5,0.14666666666666667,1.5160827992108847,1.4609940527546494,0.1820756963661434,0.17949390187440104,0.20264128246861604
chain,R1-6,LAMBDA_GUIDE,0p4,False,5,0.15333333333333332,1.5106147900778841,1.462250846057115,0.13824580778894674,0.1359466361482741,0.2043291145415281
chain,R1-6,LAMBDA_GUIDE,0,False,5,0.12,1.5027507261184323,1.4697872088350965,0.34039042956158283,0.3389776385980337,0.20501055490898087
chain,R1-6,LAMBDA_GUIDE,0p05,False,7,0.02,1.2172873594663896,1.2068862864388545,0.6894055412106549,0.6891410282610653,0.1979973512149746
chain,R1-6,LAMBDA_GUIDE,0p1,False,7,0.02666666666666667,1.2183844442939578,1.2081695850457346,0.6830437151231922,0.6827796176431209,0.19716018548806777
chain,R1-6,LAMBDA_GUIDE,0p2,False,7,0.013333333333333334,1.2227167414670188,1.2156385152554448,0.6950291729355974,0.6948518545658177,0.1972766265668554
chain,R1-6,LAMBDA_GUIDE,0p4,False,7,0.04,1.227275681965166,1.2160147804353163,0.6649916949253915,0.6646872640720242,0.19681908302433138
chain,R1-6,LAMBDA_GUIDE,0,False,7,0.04,1.2339012981039232,1.2203518263061717,0.6638410093932761,0.663473677643542,0.19661762346013212
chain,R1-6,LAMBDA_GUIDE,0p05,False,42,0.04666666666666667,1.2387215661593376,1.2261571741999238,0.6487365642401058,0.6483838788367238,0.1966446110139257
chain,R1-6,LAMBDA_GUIDE,0p1,False,42,0.0,1.2267357596667658,1.2208663292800952,0.6996923056809058,0.6995471247954673,0.19735297535034368
chain,R1-6,LAMBDA_GUIDE,0p2,False,42,0.006666666666666667,1.2225065011650362,1.2119226910796002,0.6964289472370995,0.6961647772593151,0.1976986891257537
chain,R1-6,LAMBDA_GUIDE,0p4,False,42,0.04,1.224638871230203,1.213498687339988,0.6614752257920458,0.6611715417072137,0.1976418507114444
chain,R1-6,LAMBDA_GUIDE,0,False,42,0.04666666666666667,1.2355997765541964,1.2213811292528334,0.6491020825842764,0.648703267944053,0.19975154457847236
default,R1-6,LAMBDA_GUIDE,0p05,False,1,0.12,1.2448435494549113,1.2141737965602946,0.36688466689149174,0.3655980424553594,0.2041740978229597
default,R1-6,LAMBDA_GUIDE,0p1,False,1,0.09333333333333334,1.2468617078761008,1.216184756563417,0.5026352490788956,0.5015236317084675,0.20425898412842616
default,R1-6,LAMBDA_GUIDE,0p2,False,1,0.11333333333333333,1.2485678738629646,1.2158065615524702,0.40419730802856857,0.4028685051828226,0.20481380729628715
default,R1-6,LAMBDA_GUIDE,0p4,False,1,0.1,1.2510864395384067,1.215150304157904,0.47206519925585444,0.47071099032811453,0.20361943138510316
default,R1-6,LAMBDA_GUIDE,0,False,1,0.14666666666666667,1.2527430177494727,1.216946034317908,0.20749551522384516,0.20583524081147683,0.20325289770092103
default,R1-6,LAMBDA_GUIDE,0p05,False,3,0.12,1.3704329105967477,1.3045203538415935,0.3545524126417019,0.35175725833640153,0.22721274338924188
default,R1-6,LAMBDA_GUIDE,0p1,False,3,0.15333333333333332,1.3729752744380141,1.313781867921211,0.15018531799590937,0.14738090741358673,0.22697287670313193
default,R1-6,LAMBDA_GUIDE,0p2,False,3,0.13333333333333333,1.3810215675319992,1.3238090057399197,0.27519928941332517,0.2726353445529467,0.22708763322757833
default,R1-6,LAMBDA_GUIDE,0p4,False,3,0.16,1.3780857622852771,1.3077962256758704,0.1069524695684155,0.10358471010213584,0.22387640246567306
default,R1-6,LAMBDA_GUIDE,0,False,3,0.16666666666666666,1.3809889933332746,1.3130117083110668,0.06301532871574263,0.05973426467431216,0.22530742467518028
default,R1-6,LAMBDA_GUIDE,0p05,False,5,0.15333333333333332,1.3138995365844408,1.2684269656903229,0.14808062089355428,0.1459251026431404,0.19920387311718288
default,R1-6,LAMBDA_GUIDE,0p1,False,5,0.14,1.2815064213698664,1.2461950942867603,0.23645076517594485,0.234834943182413,0.20182708801389262
default,R1-6,LAMBDA_GUIDE,0p2,False,5,0.16666666666666666,1.2799671271546684,1.242307692513974,0.06627721880460825,0.06446043090710724,0.19972033041349818
default,R1-6,LAMBDA_GUIDE,0p4,False,5,0.17333333333333334,1.2879979507605601,1.2464650272751143,0.021669066294278793,0.01965767211083868,0.19955133900652297
default,R1-6,LAMBDA_GUIDE,0,False,5,0.16666666666666666,1.3113053591727808,1.2655515134881021,0.061570385815321364,0.05936173542086594,0.19885883866487894
default,R1-6,LAMBDA_GUIDE,0p05,False,7,0.04666666666666667,1.0976307286952334,1.0838799648692026,0.6601939321834487,0.659817923324629,0.1951472571537421
default,R1-6,LAMBDA_GUIDE,0p1,False,7,0.02666666666666667,1.0958531714866488,1.0834954998614064,0.6895451445727429,0.6892309674939396,0.1956737695466647
default,R1-6,LAMBDA_GUIDE,0p2,False,7,0.04666666666666667,1.0953623761142477,1.0806164751397764,0.6604804859415863,0.6600775230618564,0.19444995158296116
default,R1-6,LAMBDA_GUIDE,0p4,False,7,0.04,1.086689967350167,1.0732205046014807,0.672902395228426,0.6725451394687311,0.1955215398958975
default,R1-6,LAMBDA_GUIDE,0,False,7,0.05333333333333334,1.0946557191033401,1.080603918428873,0.6462404716887349,0.6458438150231557,0.19542839361867262
default,R1-6,LAMBDA_GUIDE,0p05,False,42,0.03333333333333333,1.0908960231978189,1.0838303148299788,0.6759112109122536,0.6757252329376963,0.20063417535135847
default,R1-6,LAMBDA_GUIDE,0p1,False,42,0.03333333333333333,1.0912293433601832,1.081464329224702,0.6760820645697374,0.6758251241898324,0.20034779905019548
default,R1-6,LAMBDA_GUIDE,0p2,False,42,0.02,1.0928250087525224,1.085007674952388,0.6905346186877181,0.6903364209540449,0.20008910536492094
default,R1-6,LAMBDA_GUIDE,0p4,False,42,0.04666666666666667,1.0975230902119684,1.085537755726931,0.6542119500656302,0.6538796682558724,0.19942898420563013
default,R1-6,LAMBDA_GUIDE,0,False,42,0.04666666666666667,1.0965975035737094,1.0863590532639873,0.6543607657138296,0.6540770269010263,0.20036829671505646
wide,R1-6,LAMBDA_GUIDE,0p05,False,1,0.006666666666666667,0.41046989547299684,0.4105374434401106,0.7494456882629396,0.7494456882629396,0.11670954322626599
wide,R1-6,LAMBDA_GUIDE,0p1,False,1,0.0,0.39986450027716486,0.3991528468994851,0.75302347949469,0.75302347949469,0.1167906888000125
wide,R1-6,LAMBDA_GUIDE,0p2,False,1,0.0,0.3970387811803248,0.3972879778544236,0.7538852193413494,0.7538852193413494,0.11673894168684337
wide,R1-6,LAMBDA_GUIDE,0p4,False,1,0.006666666666666667,0.40118081108142195,0.4052742921228134,0.749627662829011,0.749627662829011,0.11686719251704748
wide,R1-6,LAMBDA_GUIDE,0,False,1,0.02,0.41370271796892755,0.4203942468543135,0.7391626804915615,0.7391626804915615,0.11643680457762985
wide,R1-6,LAMBDA_GUIDE,0p05,False,3,0.04666666666666667,0.4758015635211833,0.46823157350895306,0.7026829369972173,0.7026829369972173,0.13365749351738537
wide,R1-6,LAMBDA_GUIDE,0p1,False,3,0.04666666666666667,0.4735940957941358,0.4666762606696193,0.7025037993040822,0.7025037993040822,0.1335654037692121
wide,R1-6,LAMBDA_GUIDE,0p2,False,3,0.04,0.47209048321645203,0.467485179146639,0.7130995584554828,0.7130995584554828,0.13316440306810975
wide,R1-6,LAMBDA_GUIDE,0p4,False,3,0.06,0.4723637179490447,0.47160610683779236,0.6739868749605331,0.6739868749605331,0.13267910620151066
wide,R1-6,LAMBDA_GUIDE,0,False,3,0.04666666666666667,0.4719465351263713,0.46936792107582276,0.7026381609224429,0.7026381609224429,0.13378194704858007
wide,R1-6,LAMBDA_GUIDE,0p05,False,5,0.06,0.4817214674075328,0.504897871382762,0.6702902877629026,0.6702902877629026,0.13142588798363875
wide,R1-6,LAMBDA_GUIDE,0p1,False,5,0.06666666666666667,0.4547568899154989,0.5019856299718325,0.6535541002477927,0.6535541002477927,0.13095246090359133
wide,R1-6,LAMBDA_GUIDE,0p2,False,5,0.12,0.48928163039360717,0.5081130333207059,0.4339583115266324,0.4339583115266324,0.1264980921938978
wide,R1-6,LAMBDA_GUIDE,0p4,False,5,0.11333333333333333,0.4667767957713751,0.5054374438956009,0.46765697566403774,0.46765697566403774,0.12674620349095664
wide,R1-6,LAMBDA_GUIDE,0,False,5,0.05333333333333334,0.4592810479342088,0.5054174299505257,0.6850070373501509,0.6850070373501509,0.13172317071298548
wide,R1-6,LAMBDA_GUIDE,0p05,False,7,0.0,0.4086325473394953,0.4065419435523356,0.7559095821687639,0.7559095821687639,0.11870645211772594
wide,R1-6,LAMBDA_GUIDE,0p1,False,7,0.0,0.4035430545891676,0.40088323058596204,0.7560391696891491,0.7560391696891491,0.11901058466511176
wide,R1-6,LAMBDA_GUIDE,0p2,False,7,0.0,0.4087167493675945,0.4052775210806376,0.7558771760297357,0.7558771760297357,0.11896120354988872
wide,R1-6,LAMBDA_GUIDE,0p4,False,7,0.0,0.4010197710881463,0.39933139092717357,0.7560067783638827,0.7560067783638827,0.11909597481931049
wide,R1-6,LAMBDA_GUIDE,0,False,7,0.0,0.40559910493852247,0.4048551705763641,0.7559419846039547,0.7559419846039547,0.11868782698921439
wide,R1-6,LAMBDA_GUIDE,0p05,False,42,0.02,0.4209321398005529,0.42243892582049763,0.7424211597344463,0.7424211597344463,0.12767673968007506
wide,R1-6,LAMBDA_GUIDE,0p1,False,42,0.02,0.4269462535832865,0.42702567817718073,0.7418889254294874,0.7418889254294874,0.12758102939146476
wide,R1-6,LAMBDA_GUIDE,0p2,False,42,0.006666666666666667,0.4260221042608605,0.4275668552249194,0.7510341429214407,0.7510341429214407,0.12733213547581707
wide,R1-6,LAMBDA_GUIDE,0p4,False,42,0.006666666666666667,0.42360522422113683,0.42623926398126716,0.7510341429214407,0.7510341429214407,0.1276519700290403
wide,R1-6,LAMBDA_GUIDE,0,False,42,0.013333333333333334,0.42840984204052157,0.42729159011673973,0.7470054175888686,0.7470054175888686,0.128062972626383
default,R1-6,BONUS_TO,-14,False,1,0.11333333333333333,1.2530433209127725,1.2214230562333956,0.403760399979057,0.4024773664949724,0.2053165080741827
default,R1-6,BONUS_TO,-14,False,3,0.13333333333333333,1.3769682965873618,1.3331707182323185,0.27297628555353554,0.27101129584120875,0.22769193515105746
default,R1-6,BONUS_TO,-14,False,5,0.11333333333333333,1.2773666259796832,1.2518230774765384,0.3903058400824585,0.3892562891334233,0.2033865356896258
default,R1-6,BONUS_TO,-14,False,7,0.04,1.09028054835981,1.0778543638462272,0.6728616218558494,0.6725320155349163,0.1953879961300108
default,R1-6,BONUS_TO,-14,False,42,0.013333333333333334,1.0929559042277437,1.0872921772792277,0.6960195023498221,0.6958780037567309,0.2004031312766134
default,R1-6,BONUS_TO,-10,False,1,0.10666666666666667,1.2486480021673716,1.2175400018061426,0.43821319401539505,0.4369946427446277,0.20657167739449672
default,R1-6,BONUS_TO,-10,False,3,0.16,1.3621150756747953,1.3009548913506768,0.10896025304535739,0.10603130868224517,0.22650913449487475
default,R1-6,BONUS_TO,-10,False,5,0.14666666666666667,1.2831309634213868,1.2499047707371091,0.19300436935636006,0.19145405887259329,0.20148554662849918
default,R1-6,BONUS_TO,-10,False,7,0.0,1.0827680973111444,1.076146649526253,0.710582300128869,0.7104234413114442,0.1961767727517629
default,R1-6,BONUS_TO,-10,False,42,0.02,1.0872593233867511,1.0833872216287028,0.6905495339164874,0.690451378929196,0.20054503790747885
default,R1-6,BONUS_TO,-7,True,1,0.09333333333333334,1.2487844114618727,1.216395113475148,0.5025155189138723,0.501341614874903,0.20483726081285658
default,R1-6,BONUS_TO,-7,True,3,0.13333333333333333,1.3693188084546548,1.3076822944255373,0.27605986733791743,0.2732989146704343,0.2255656527852566
default,R1-6,BONUS_TO,-7,True,5,0.15333333333333332,1.2767347926816333,1.2451878341453064,0.1527484851957646,0.15125536151624647,0.2026109159335889
default,R1-6,BONUS_TO,-7,True,7,0.02666666666666667,1.0921203929195917,1.0815507614860247,0.6898304967692064,0.6895619958380989,0.19562265593413944
default,R1-6,BONUS_TO,-7,True,42,0.04666666666666667,1.0947436760571134,1.0838658907988301,0.6545441603535221,0.6542428240268566,0.20025629021887734
default,R1-6,BONUS_TO,-4,False,1,0.12,1.2494783378391194,1.2189020926136716,0.3667296781007212,0.36544681028930326,0.2039223685601923
default,R1-6,BONUS_TO,-4,False,3,0.09333333333333334,1.3490758826274374,1.3200186825652176,0.4897605626418411,0.48868969986010513,0.2284125979957371
default,R1-6,BONUS_TO,-4,False,5,0.12,1.2882080356335057,1.2690330951734707,0.35168082953662005,0.3508664457117848,0.2025514131600527
default,R1-6,BONUS_TO,-4,False,7,0.02,1.095601631801165,1.0860575121357467,0.6960649642488022,0.695826518706296,0.19573322333075502
default,R1-6,BONUS_TO,-4,False,42,0.04,1.097098793030843,1.0879115482085806,0.6658033525358843,0.6655554790263175,0.2003860715249036
default,R1-6,BONUS_TO,-2,False,1,0.10666666666666667,1.249025410475452,1.2164008365898704,0.43854051862371085,0.4372629728780497,0.2045271190679158
default,R1-6,BONUS_TO,-2,False,3,0.1,1.3603416041348204,1.3140618965033626,0.45828026336981326,0.4565071261755168,0.22769008562149035
default,R1-6,BONUS_TO,-2,False,5,0.12666666666666668,1.2843879032199004,1.2561103225759198,0.3154965331036277,0.3142623334910006,0.20139132264273868
default,R1-6,BONUS_TO,-2,False,7,0.006666666666666667,1.084739393385984,1.0734338580914786,0.7067409154345955,0.7064666515497856,0.19595400060514284
default,R1-6,BONUS_TO,-2,False,42,0.04,1.0955587849634314,1.0840399650335109,0.6663805786367599,0.6660702046510576,0.19972282902658048
default,R1-6,W_E,0p025,False,1,0.12,1.2476421720340318,1.2135489665876786,0.36704066384164763,0.3656105244332761,0.2038828765128152
default,R1-6,W_E,0p05,False,1,0.10666666666666667,1.2539716359215214,1.2179371196433606,0.4373084390323292,0.43589537890978464,0.20473602460924262
default,R1-6,W_E,0p1,False,1,0.12,1.2549172004183617,1.2189665416708115,0.36702986559139156,0.3655217463833148,0.2038107897828041
default,R1-6,W_E,0p2,False,1,0.11333333333333333,1.2500956865731538,1.2168117963233192,0.40340329538810515,0.40205224992002253,0.20415460000277305
default,R1-6,W_E,0,False,1,0.11333333333333333,1.2492319264863536,1.2141035130521431,0.40288507882072067,0.4014583995937835,0.20553853271996247
default,R1-6,W_E,0p025,False,3,0.12,1.3547839744161196,1.3130010470523583,0.353799516512556,0.3520272812548274,0.22676379618514805
default,R1-6,W_E,0p05,False,3,0.12666666666666668,1.3650548251938672,1.3040094303178833,0.31529779343843417,0.31263171483985985,0.22618194733354866
default,R1-6,W_E,0p1,False,3,0.11333333333333333,1.3788706176762795,1.317193277669656,0.3903336761936947,0.38779777248455694,0.22981590527369003
default,R1-6,W_E,0p2,False,3,0.14666666666666667,1.3785166988221342,1.3105023571283796,0.19364362067795055,0.19046990398916505,0.22712559458917383
default,R1-6,W_E,0,False,3,0.16666666666666666,1.3649903448505885,1.3071592643854517,0.06523969131349026,0.0624492205666029,0.2253932361358924
default,R1-6,W_E,0p025,False,5,0.15333333333333332,1.2955183856176604,1.2518445859233436,0.15096799760891466,0.14889958726650812,0.20073348765202592
default,R1-6,W_E,0p05,False,5,0.12666666666666668,1.2813872495185115,1.2552893745987588,0.3153522489472536,0.3142131074203057,0.2042528817361913
default,R1-6,W_E,0p1,False,5,0.14666666666666667,1.2809150070039885,1.2481137054631108,0.19491640129208407,0.19338709643196708,0.2023573797777676
default,R1-6,W_E,0p2,False,5,0.14,1.281749707805353,1.2458780976296508,0.23561540842158166,0.2339732545192197,0.2011550092490007
default,R1-6,W_E,0,False,5,0.12,1.2840074373260455,1.264552517363155,0.35283448081390323,0.35200896742613996,0.20295154670881063
default,R1-6,W_E,0p025,False,7,0.02,1.094067786466673,1.082154793063117,0.6963169987145359,0.6960195492199985,0.19590583566481115
default,R1-6,W_E,0p05,False,7,0.04,1.0938648633256796,1.08004198063776,0.6728583442174527,0.6724916706316958,0.1956153486407476
default,R1-6,W_E,0p1,False,7,0.03333333333333333,1.126557640239939,1.1133685428826121,0.6776557271846768,0.6773100137746478,0.19481898131636777
default,R1-6,W_E,0p2,False,7,0.04666666666666667,1.1309992832529216,1.1147593597059438,0.6558871257924347,0.6554385559938628,0.19455455077467493
default,R1-6,W_E,0,False,7,0.02666666666666667,1.0956402732958932,1.0847890514322218,0.6894860403813969,0.6892101337730646,0.1955810187644015
default,R1-6,W_E,0p025,False,42,0.02,1.0891485702453292,1.084860646498912,0.6905906574654324,0.6904819719788027,0.20019353551809813
default,R1-6,W_E,0p05,False,42,0.02666666666666667,1.0917832565603083,1.0826405960354837,0.6841792877667933,0.6839436073800687,0.20000670943322849
default,R1-6,W_E,0p1,False,42,0.04,1.1041216924225543,1.0915644790792662,0.6657326543270501,0.6653937643573383,0.19991643535891734
default,R1-6,W_E,0p2,False,42,0.04666666666666667,1.0929486814863425,1.084379453634102,0.6543584274738788,0.6541209592217386,0.2003894510595764
default,R1-6,W_E,0,False,42,0.02,1.0935974556363044,1.088381608298126,0.6898992474934588,0.6897667967122179,0.20022294378156646
default,R1-6,W_D,0p05,False,1,0.09333333333333334,1.2597531462965859,1.23778935150642,0.4998298278319035,0.4990311192460981,0.20491597498046435
default,R1-6,W_D,0p1,False,1,0.08666666666666667,1.2481609048654068,1.227006117550019,0.5298372036445028,0.5290995912500377,0.20546646195382995
default,R1-6,W_D,0p2,False,1,0.07333333333333333,1.255512530411105,1.2346074428202167,0.5796375875268601,0.5789646441448902,0.20581603488119316
default,R1-6,W_D,0p4,False,1,0.11333333333333333,1.2431468467449425,1.211138456374254,0.4046374193510265,0.4033397257234346,0.20384130637370831
default,R1-6,W_D,0,False,1,0.11333333333333333,1.249403579585523,1.2175736257906988,0.4034979771687628,0.40220610361400905,0.20388354918010496
default,R1-6,W_D,0p05,False,3,0.14,1.3811064539537132,1.3174633135133402,0.23356645992163572,0.23064909688148452,0.22667457717702913
default,R1-6,W_D,0p1,False,3,0.16,1.3784716633051726,1.312469030845828,0.10766774130019607,0.1045059315215946,0.22640802328266915
default,R1-6,W_D,0p2,False,3,0.14,1.3741013433343698,1.3054623363563294,0.2353444802876886,0.232200689511272,0.22744912480616766
default,R1-6,W_D,0p4,False,3,0.14,1.3867519269607604,1.3196630926176303,0.2332293059389041,0.2301533668841784,0.22522497802913502
default,R1-6,W_D,0,False,3,0.12666666666666668,1.3732482654890459,1.3157336470814565,0.3155066840087346,0.312995308320074,0.22744271136736358
default,R1-6,W_D,0p05,False,5,0.12666666666666668,1.2843373140758996,1.2586031845940528,0.315702923681589,0.31457994097324676,0.2019999794155268
default,R1-6,W_D,0p1,False,5,0.13333333333333333,1.290865541879804,1.2654026857203815,0.27448723577385026,0.2733461327945806,0.20186546019713175
default,R1-6,W_D,0p2,False,5,0.13333333333333333,1.277187082465922,1.2452350854229641,0.27728394338888784,0.2758542938592966,0.20277353391011327
default,R1-6,W_D,0p4,False,5,0.14666666666666667,1.2841947145692287,1.2632891049887163,0.19387216954954062,0.19289717985163887,0.20180121613400376
default,R1-6,W_D,0,False,5,0.10666666666666667,1.2741421431685513,1.2605965573982116,0.4256164466006741,0.4250789025574858,0.20322503783058238
default,R1-6,W_D,0p05,False,7,0.013333333333333334,1.0897045810440817,1.0783341229396737,0.7018929592782241,0.7016133570288065,0.19622194507375412
default,R1-6,W_D,0p1,False,7,0.02666666666666667,1.0919264171043273,1.0848927942886188,0.6896145340826688,0.6894357781551008,0.1959202440517921
default,R1-6,W_D,0p2,False,7,0.013333333333333334,1.0933321132983203,1.0837099968124662,0.7016592716079146,0.7014225226266144,0.19612751608773604
default,R1-6,W_D,0p4,False,7,0.006666666666666667,1.0896260719408517,1.0758042766412828,0.7065832945739202,0.7062478099891076,0.19601420320680668
default,R1-6,W_D,0,False,7,0.02666666666666667,1.0841184869017975,1.0743458482989392,0.6903537851422413,0.6901058788900328,0.19561067665746304
default,R1-6,W_D,0p05,False,42,0.02,1.0940682942789042,1.085130407993644,0.690714571692784,0.6904880630495281,0.20030435625917278
default,R1-6,W_D,0p1,False,42,0.03333333333333333,1.0957158089740737,1.0887061937689624,0.6762173001413226,0.6760329395148647,0.1996419151406599
default,R1-6,W_D,0p2,False,42,0.02666666666666667,1.0914492078170202,1.0833525939625517,0.6841875342242453,0.6839788305928572,0.20007384412549756
default,R1-6,W_D,0p4,False,42,0.013333333333333334,1.096458515219909,1.0914473944081806,0.695631952277114,0.6955066297405899,0.20056112384020658
default,R1-6,W_D,0,False,42,0.013333333333333334,1.09514330467028,1.0868004176922614,0.696031785577559,0.6958233408061201,0.20029737813885368
chain,R1-6,SHIELD_THR_HIGH,1p05,False,1,0.08,1.3728406985255504,1.3486536208302704,0.5472893806185039,0.5464680001795067,0.20934127443485
chain,R1-6,SHIELD_THR_HIGH,1p15,False,1,0.09333333333333334,1.3767635393717754,1.359655921759899,0.4902769714039324,0.48964709185569283,0.20944841157260904
chain,R1-6,SHIELD_THR_HIGH,1p1,False,1,0.06,1.3665164599215245,1.3585202735351267,0.612745573152208,0.612503560232691,0.21054932681069316
chain,R1-6,SHIELD_THR_HIGH,1p2,False,1,0.10666666666666667,1.3706176856658572,1.3452900306282467,0.4276586426923689,0.42665543107909876,0.20866912489244546
chain,R1-6,SHIELD_THR_HIGH,1p05,False,3,0.10666666666666667,1.5485349979254923,1.5031354318258583,0.41441517816730655,0.4125916852247018,0.23327797896549166
chain,R1-6,SHIELD_THR_HIGH,1p15,False,3,0.16,1.5594091934492962,1.4952491633708362,0.0946469272604196,0.09156534828350067,0.23040216697788027
chain,R1-6,SHIELD_THR_HIGH,1p1,False,3,0.14,1.5840156754735448,1.5083973259886774,0.22133337383060306,0.2178463601447319,0.23214233204127727
chain,R1-6,SHIELD_THR_HIGH,1p2,False,3,0.14666666666666667,1.550790002331342,1.5011986015697707,0.17922400651289647,0.17689750221306375,0.2315834495392582
chain,R1-6,SHIELD_THR_HIGH,1p05,False,5,0.12666666666666668,1.493984880174976,1.4632951755996484,0.3049334399862614,0.30358418383479485,0.20507699033781784
chain,R1-6,SHIELD_THR_HIGH,1p15,False,5,0.14,1.5089906698459374,1.4592665534213816,0.2221229170315523,0.219831443381489,0.2039963483856348
chain,R1-6,SHIELD_THR_HIGH,1p1,False,5,0.12666666666666668,1.5147195825056312,1.4706610271707967,0.30324827528595705,0.3013087013947984,0.2042254012377586
chain,R1-6,SHIELD_THR_HIGH,1p2,False,5,0.09333333333333334,1.519337127153733,1.48231831239838,0.4783032904640048,0.4769188741279533,0.20507666643332126
chain,R1-6,SHIELD_THR_HIGH,1p05,False,7,0.02,1.2089735770470593,1.2003086719105887,0.6902801255551977,0.6900602850442251,0.19688514627340623
chain,R1-6,SHIELD_THR_HIGH,1p15,False,7,0.006666666666666667,1.221881987200657,1.2125439748059423,0.6989028080354169,0.6986713046702058,0.19776545988127214
chain,R1-6,SHIELD_THR_HIGH,1p1,False,7,0.02,1.2208117199192643,1.209874704192928,0.6889357385359032,0.6886572476929109,0.19760332265847352
chain,R1-6,SHIELD_THR_HIGH,1p2,False,7,0.02,1.2185814228223586,1.2080854518153858,0.6897684222996343,0.6895017496688107,0.19721867045663627
chain,R1-6,SHIELD_THR_HIGH,1p05,False,42,0.006666666666666667,1.2345179874714636,1.2239501216400324,0.6957419746887372,0.6954777130600681,0.1971208181973084
chain,R1-6,SHIELD_THR_HIGH,1p15,False,42,0.03333333333333333,1.2569770204753155,1.2423723453674544,0.668494384753343,0.6681028203064077,0.19632531106395498
chain,R1-6,SHIELD_THR_HIGH,1p1,False,42,0.02666666666666667,1.2283971304326466,1.2184266359400213,0.6794279376049422,0.6791677799683081,0.1973878464876739
chain,R1-6,SHIELD_THR_HIGH,1p2,False,42,0.02666666666666667,1.2364922203246016,1.2281026871051255,0.6784475253273432,0.6782280895251149,0.19713493760182382
chain,R1-6,SHIELD_THR_HIGH,1,False,1,0.09333333333333334,1.372802392572036,1.3566045488233356,0.49054115387106156,0.4899449871585181,0.2088286466475856
chain,R1-6,SHIELD_THR_HIGH,1,False,3,0.18666666666666668,1.5639412781057793,1.4949588946740462,-0.08225836315343305,-0.08557699358894742,0.22928754611496457
chain,R1-6,SHIELD_THR_HIGH,1,False,5,0.14666666666666667,1.5156321516882967,1.4628260302268294,0.1823766025680152,0.1799021139758377,0.20881071510054466
chain,R1-6,SHIELD_THR_HIGH,1,False,7,0.02,1.2163553477234803,1.2112768361326978,0.6899494334100944,0.689820487753183,0.1972266331299208
chain,R1-6,SHIELD_THR_HIGH,1,False,42,0.02666666666666667,1.2334366640704988,1.226253375320072,0.6787386448333168,0.6785509044112104,0.19721657278285165
default,R1-6,SHIELD_THR_HIGH,1p05,False,1,0.12,1.2409760406214267,1.2111532074553315,0.3677033464264279,0.3664531377836714,0.2037406924952112
default,R1-6,SHIELD_THR_HIGH,1p15,False,1,0.12,1.246387016461081,1.2138984271606408,0.3683232361905264,0.3669619285981592,0.20447755369378884
default,R1-6,SHIELD_THR_HIGH,1p1,False,1,0.11333333333333333,1.24053034613276,1.2142454907515177,0.4037166672023567,0.4026501910910071,0.2043399100721759
default,R1-6,SHIELD_THR_HIGH,1p2,False,1,0.10666666666666667,1.2455950401225127,1.2106252331679435,0.4383626706265388,0.43699295576434066,0.20421291842502262
default,R1-6,SHIELD_THR_HIGH,1p05,False,3,0.15333333333333332,1.3734964353531327,1.310877338397006,0.15095811412842525,0.14799203074364378,0.22669757152565956
default,R1-6,SHIELD_THR_HIGH,1p15,False,3,0.14,1.360114823447666,1.2994213646432107,0.23675399156988372,0.23397631764068283,0.2270435824866523
default,R1-6,SHIELD_THR_HIGH,1p1,False,3,0.12666666666666668,1.365618673757968,1.3091158988645486,0.31660538097491675,0.31414012083803156,0.2277878259036126
default,R1-6,SHIELD_THR_HIGH,1p2,False,3,0.12666666666666668,1.365255768205021,1.3157909735930828,0.3151439547523896,0.31298379236357887,0.22760645752387684
default,R1-6,SHIELD_THR_HIGH,1p05,False,5,0.14666666666666667,1.302163941060411,1.2609256881463144,0.19152711501363284,0.18960169448737574,0.19884502801248302
default,R1-6,SHIELD_THR_HIGH,1p15,False,5,0.13333333333333333,1.2843631159797033,1.2570989845706992,0.2758295889877482,0.2746087077146905,0.20226094607462608
default,R1-6,SHIELD_THR_HIGH,1p1,False,5,0.13333333333333333,1.2807062906527231,1.2461077830642144,0.2763215210119718,0.27477251100024697,0.20244180156292924
default,R1-6,SHIELD_THR_HIGH,1p2,False,5,0.16666666666666666,1.312756766910601,1.2713618095187222,0.06238573511630049,0.060387723801866626,0.1997747849499151
default,R1-6,SHIELD_THR_HIGH,1p05,False,7,0.02666666666666667,1.083947491466539,1.0740720422061054,0.6903868977523432,0.6901364044801032,0.19613719602194526
default,R1-6,SHIELD_THR_HIGH,1p15,False,7,0.006666666666666667,1.091553011127131,1.0798643766810847,0.7065599040974821,0.7062761978885164,0.195782739259014
default,R1-6,SHIELD_THR_HIGH,1p1,False,7,0.02,1.09555036530518,1.084758326339294,0.6959169596996713,0.6956472176758667,0.1958363169884961
default,R1-6,SHIELD_THR_HIGH,1p2,False,7,0.013333333333333334,1.0887180580620597,1.0774462522558537,0.7023204077812052,0.7020435601996321,0.19578318972561728
default,R1-6,SHIELD_THR_HIGH,1p05,False,42,0.02666666666666667,1.0893725650051804,1.085072694871571,0.6839569787343179,0.6838460906904461,0.2003596531581227
default,R1-6,SHIELD_THR_HIGH,1p15,False,42,0.02,1.0892434121830799,1.0839504301999823,0.690692174371273,0.6905580452454624,0.20017486606845358
default,R1-6,SHIELD_THR_HIGH,1p1,False,42,0.02666666666666667,1.0909919518453912,1.0859324347346677,0.6839081971227323,0.6837776991315478,0.20012278355495572
default,R1-6,SHIELD_THR_HIGH,1p2,False,42,0.04,1.095451534703864,1.0876820785942216,0.665753868314917,0.6655442317785333,0.20009038343909283
default,R1-6,SHIELD_THR_HIGH,1,False,1,0.12666666666666668,1.2501156967641494,1.2141615380132689,0.32985922174362525,0.3283059038943164,0.20449058141490448
default,R1-6,SHIELD_THR_HIGH,1,False,3,0.07333333333333333,1.352532153222744,1.3203421748900435,0.570060816619241,0.5690071082536627,0.22884319658721247
default,R1-6,SHIELD_THR_HIGH,1,False,5,0.14666666666666667,1.2897951780527506,1.2485722067348297,0.193403456884057,0.19148018599603747,0.20186035069977337
default,R1-6,SHIELD_THR_HIGH,1,False,7,0.03333333333333333,1.082720252730019,1.073951164160084,0.6826852740987954,0.6824583587662202,0.19874578880859545
default,R1-6,SHIELD_THR_HIGH,1,False,42,0.02,1.0922808354707696,1.0849954464393852,0.6905610858160999,0.6903763910003464,0.2004801092235855
wide,R1-6,SHIELD_THR_HIGH,1p05,False,1,0.0,0.4017673909518442,0.40026507215826485,0.7535623702150047,0.7535623702150047,0.11705086731748736
wide,R1-6,SHIELD_THR_HIGH,1p15,False,1,0.0,0.39603559087722395,0.3983906081544125,0.7537417757532517,0.7537417757532517,0.11751741554173352
wide,R1-6,SHIELD_THR_HIGH,1p1,False,1,0.006666666666666667,0.4010090818517392,0.3996145981505189,0.7504270059147663,0.7504270059147663,0.11705709658066188
wide,R1-6,SHIELD_THR_HIGH,1p2,False,1,0.0,0.40779941214891574,0.4076181728717559,0.7529875174748745,0.7529875174748745,0.11597984903949865
wide,R1-6,SHIELD_THR_HIGH,1p05,False,3,0.04666666666666667,0.4789692854050434,0.4649059855060626,0.7037558940350819,0.7037558940350819,0.13331836404130898
wide,R1-6,SHIELD_THR_HIGH,1p15,False,3,0.04666666666666667,0.480327541727294,0.46808721142971127,0.7032198159123351,0.7032198159123351,0.13375309802822527
wide,R1-6,SHIELD_THR_HIGH,1p1,False,3,0.04666666666666667,0.4679464284065148,0.4640565475058068,0.704335742341715,0.704335742341715,0.13344512148094131
wide,R1-6,SHIELD_THR_HIGH,1p2,False,3,0.04,0.47651708865494385,0.4616316202853618,0.7147474233534645,0.7147474233534645,0.13413944364685837
wide,R1-6,SHIELD_THR_HIGH,1p05,False,5,0.09333333333333334,0.4813584908542192,0.5034800001018239,0.5605141573518929,0.5605141573518929,0.1293790207538583
wide,R1-6,SHIELD_THR_HIGH,1p15,False,5,0.06666666666666667,0.47778336145557343,0.5065425647421538,0.6529274056012869,0.6529274056012869,0.13071901740466216
wide,R1-6,SHIELD_THR_HIGH,1p1,False,5,0.06666666666666667,0.46622910019034725,0.5067091427351914,0.6536882755218932,0.6536882755218932,0.131091478153031
wide,R1-6,SHIELD_THR_HIGH,1p2,False,5,0.06,0.4547115549777254,0.5054647494254628,0.6705911907520249,0.6705911907520249,0.13137153210660013
wide,R1-6,SHIELD_THR_HIGH,1p05,False,7,0.0,0.4143741108385104,0.4102616878991729,0.7560391696891491,0.7560391696891491,0.11811187903636264
wide,R1-6,SHIELD_THR_HIGH,1p15,False,7,0.0,0.4073889926260893,0.4051137998335095,0.7558447661866056,0.7558447661866056,0.11856971799421875
wide,R1-6,SHIELD_THR_HIGH,1p1,False,7,0.0,0.401612981448675,0.39968394293278103,0.7557799353869813,0.7557799353869813,0.1187684262549103
wide,R1-6,SHIELD_THR_HIGH,1p2,False,7,0.0,0.40594760888709147,0.40323214945021024,0.7559419846039547,0.7559419846039547,0.11849675079422137
wide,R1-6,SHIELD_THR_HIGH,1p05,False,42,0.013333333333333334,0.4227645143967418,0.4220213962904011,0.7469006637619742,0.7469006637619742,0.12777359378686556
wide,R1-6,SHIELD_THR_HIGH,1p15,False,42,0.02,0.42985347520657763,0.42867008134983225,0.7421019314777558,0.7421019314777558,0.12769171226247814
wide,R1-6,SHIELD_THR_HIGH,1p1,False,42,0.006666666666666667,0.42805935338925905,0.42858675138366653,0.7504826589819676,0.7504826589819676,0.12798431007309097
wide,R1-6,SHIELD_THR_HIGH,1p2,False,42,0.013333333333333334,0.4248456154814072,0.42719747495697175,0.7467609342997992,0.7467609342997992,0.12828090374900347
wide,R1-6,SHIELD_THR_HIGH,1,False,1,0.0,0.3978221238630945,0.40200821236317386,0.7526636568247316,0.7526636568247316,0.11730230930037623
wide,R1-6,SHIELD_THR_HIGH,1,False,3,0.04666666666666667,0.4731936355015878,0.4671957570010584,0.7024141970601087,0.7024141970601087,0.13395035337074404
wide,R1-6,SHIELD_THR_HIGH,1,False,5,0.08,0.49023625555144085,0.5068803268874895,0.6124112282543164,0.6124112282543164,0.1297223566458889
wide,R1-6,SHIELD_THR_HIGH,1,False,7,0.0,0.4031269722980742,0.40074348118089487,0.75610394123161,0.75610394123161,0.12056541965055345
wide,R1-6,SHIELD_THR_HIGH,1,False,42,0.02666666666666667,0.42013456452204756,0.42298777473650945,0.7363159082296179,0.7363159082296179,0.12716962548994748
chain,R1-6,SHIELD_THR_NORM,1p05,False,1,0.06666666666666667,1.3767595078219772,1.3535625428721019,0.593873542637,0.5931455509849575,0.2101165231068072
chain,R1-6,SHIELD_THR_NORM,1p15,False,1,0.10666666666666667,1.3701653683433044,1.3497956539744438,0.4274393909512923,0.4266324579247415,0.20930045415008067
chain,R1-6,SHIELD_THR_NORM,1p1,False,1,0.09333333333333334,1.3632857020117588,1.348051418915917,0.49229663904033716,0.49173722252474583,0.20915006361043748
chain,R1-6,SHIELD_THR_NORM,1p2,False,1,0.08,1.3787972494392995,1.3546804112068922,0.5481349971833483,0.5473170857942569,0.2098097441562258
chain,R1-6,SHIELD_THR_NORM,1p3,False,1,0.11333333333333333,1.3762392900047147,1.3517999795370106,0.39170879291716915,0.39070593261472214,0.2075242596204286
chain,R1-6,SHIELD_THR_NORM,1p05,False,3,0.10666666666666667,1.5763041992955689,1.5229187435397722,0.41158807647831447,0.40943745329442954,0.23365884595571024
chain,R1-6,SHIELD_THR_NORM,1p15,False,3,0.14666666666666667,1.566528251908151,1.5027493996435979,0.17861888336091017,0.17562576766160548,0.2313909564972604
chain,R1-6,SHIELD_THR_NORM,1p1,False,3,0.12666666666666668,1.5676855396740288,1.5108928336450071,0.30193175135234984,0.29942893586624497,0.23243753997849878
chain,R1-6,SHIELD_THR_NORM,1p2,False,3,0.12666666666666668,1.5496623617854224,1.498225818073602,0.3028073536304826,0.30054207287300144,0.23251002577890495
chain,R1-6,SHIELD_THR_NORM,1p3,False,3,0.14,1.556502152771329,1.4994181736065975,0.2218896781487253,0.21925854267458406,0.231034106501163
chain,R1-6,SHIELD_THR_NORM,1p05,False,5,0.15333333333333332,1.51352429030701,1.4603648034292345,0.13946325116891478,0.1369368873323988,0.20363161559568715
chain,R1-6,SHIELD_THR_NORM,1p15,False,5,0.12,1.49914102990977,1.4698138493980921,0.3421563533154784,0.34090119844959216,0.2036277729175946
chain,R1-6,SHIELD_THR_NORM,1p1,False,5,0.13333333333333333,1.5044078107690915,1.4646617799691277,0.2633514751989084,0.2615584419213095,0.20417288207393705
chain,R1-6,SHIELD_THR_NORM,1p2,False,5,0.1,1.5002081391360664,1.4641595733376513,0.44881070352976665,0.4474148789584432,0.2047916311939998
chain,R1-6,SHIELD_THR_NORM,1p3,False,5,0.1,1.5067277537000625,1.4790221676887125,0.4466358768815606,0.44556067982319764,0.20609264134868863
chain,R1-6,SHIELD_THR_NORM,1p05,False,7,0.04,1.2201126752895368,1.2079021589291803,0.6656287895967701,0.6652991780376064,0.1968805003201548
chain,R1-6,SHIELD_THR_NORM,1p15,False,7,0.006666666666666667,1.222568194843053,1.2167474364858029,0.6991566171845524,0.6990124290977017,0.19750857152302934
chain,R1-6,SHIELD_THR_NORM,1p1,False,7,0.02,1.2110329718076034,1.2013572205417125,0.689834457840031,0.6895886741005093,0.19711088512374006
chain,R1-6,SHIELD_THR_NORM,1p2,False,7,0.006666666666666667,1.218617372830955,1.2132818954321773,0.6988077770913224,0.6986754861716709,0.19754380097758847
chain,R1-6,SHIELD_THR_NORM,1p3,False,7,0.03333333333333333,1.2227196909472824,1.210059994700275,0.6745697046228115,0.6742353137030302,0.19698950955685285
chain,R1-6,SHIELD_THR_NORM,1p05,False,42,0.03333333333333333,1.2267102118867206,1.2200409325068504,0.67115838328528,0.6709807731341988,0.1969461157439818
chain,R1-6,SHIELD_THR_NORM,1p15,False,42,0.006666666666666667,1.234103284885864,1.2245511096919512,0.6955721298275942,0.6953331655079282,0.19724716394086217
chain,R1-6,SHIELD_THR_NORM,1p1,False,42,0.02666666666666667,1.2354152321757976,1.228526419793088,0.6784364451184434,0.6782562658908994,0.19678108733808422
chain,R1-6,SHIELD_THR_NORM,1p2,False,42,0.0,1.233939635595765,1.2246365907933523,0.6998032218811284,0.6995731534280197,0.19803550501843986
chain,R1-6,SHIELD_THR_NORM,1p3,False,42,0.03333333333333333,1.2315222667629362,1.2238106338669876,0.6706455331251494,0.6704398998745275,0.19706029152482052
default,R1-6,SHIELD_THR_NORM,1p05,False,1,0.11333333333333333,1.2440148896901564,1.212718975477196,0.4049078536587496,0.4036393947780531,0.20363694920051637
default,R1-6,SHIELD_THR_NORM,1p15,False,1,0.08666666666666667,1.2527483157800243,1.228600195781221,0.5296377686510214,0.5287954747187066,0.20467338374531147
default,R1-6,SHIELD_THR_NORM,1p1,False,1,0.12,1.2557544258833258,1.2211469330517708,0.36719803194186706,0.36574649947104065,0.20437897599037255
default,R1-6,SHIELD_THR_NORM,1p2,False,1,0.1,1.2526182098380958,1.2180802654005713,0.47191600667839234,0.47061429287747153,0.20506122985682076
default,R1-6,SHIELD_THR_NORM,1p3,False,1,0.1,1.2517760638413524,1.2173897056832421,0.4711643750311888,0.4698671986591914,0.20412804466117832
default,R1-6,SHIELD_THR_NORM,1p05,False,3,0.14,1.3602065867692557,1.3042958482584814,0.23591732123550313,0.23335760467780037,0.22711636545973055
default,R1-6,SHIELD_THR_NORM,1p15,False,3,0.14,1.365570002838261,1.3045665354904126,0.23651866899441204,0.23372647002306768,0.22750152799061027
default,R1-6,SHIELD_THR_NORM,1p1,False,3,0.12,1.3594378840180066,1.3124836405477387,0.3550018760387776,0.3530120567784378,0.2284793688709506
default,R1-6,SHIELD_THR_NORM,1p2,False,3,0.10666666666666667,1.3561393407995936,1.3204144235516857,0.4247168036561602,0.4232971228270685,0.2280730787342904
default,R1-6,SHIELD_THR_NORM,1p3,False,3,0.12,1.3580539062250527,1.3056024062303746,0.3547251388812096,0.3525016503702837,0.22864805997025872
default,R1-6,SHIELD_THR_NORM,1p05,False,5,0.10666666666666667,1.2718401443241765,1.2572843830881688,0.42488778162865287,0.42430970080063884,0.20297735612029116
default,R1-6,SHIELD_THR_NORM,1p15,False,5,0.13333333333333333,1.2924629614979966,1.2587549371484643,0.2761250039517339,0.27461570280099284,0.20256944497115748
default,R1-6,SHIELD_THR_NORM,1p1,False,5,0.15333333333333332,1.2850561483416632,1.2472112110177194,0.152506231300652,0.150714805331164,0.20060091699353966
default,R1-6,SHIELD_THR_NORM,1p2,False,5,0.16,1.2820657658211643,1.2487584024459817,0.1078523279075552,0.10625709390008009,0.20209835495718864
default,R1-6,SHIELD_THR_NORM,1p3,False,5,0.14666666666666667,1.2813773776962254,1.2444260529723385,0.1924415228670896,0.19071695385981297,0.20248032250253858
default,R1-6,SHIELD_THR_NORM,1p05,False,7,0.04666666666666667,1.1182837690517702,1.1024344916385465,0.6573644848346197,0.6569282007462376,0.19481629660367739
default,R1-6,SHIELD_THR_NORM,1p15,False,7,0.04666666666666667,1.0941511564845336,1.08184169979285,0.6603342417298894,0.6599977708387882,0.1950256044119972
default,R1-6,SHIELD_THR_NORM,1p1,False,7,0.03333333333333333,1.0985670237921636,1.083396094429052,0.6817189295245115,0.6813253030423292,0.19553844759814426
default,R1-6,SHIELD_THR_NORM,1p2,False,7,0.013333333333333334,1.0925871123329487,1.0844123151818736,0.7016166107204066,0.7014154587321748,0.1956840972097166
default,R1-6,SHIELD_THR_NORM,1p3,False,7,0.03333333333333333,1.0913747585391815,1.082294784295002,0.6813726558069026,0.6811369055802617,0.1954312510466612
default,R1-6,SHIELD_THR_NORM,1p05,False,42,0.02,1.0953249352562255,1.0869699395724772,0.6905633543807389,0.6903515372274615,0.20004411898035096
default,R1-6,SHIELD_THR_NORM,1p15,False,42,0.006666666666666667,1.0919283551602046,1.0854664648161911,0.700488624723371,0.7003291351915765,0.2006616367893812
default,R1-6,SHIELD_THR_NORM,1p1,False,42,0.04666666666666667,1.0922095686667974,1.0854103278801226,0.654644272629588,0.6544559876467823,0.20016096832925342
default,R1-6,SHIELD_THR_NORM,1p2,False,42,0.04,1.098592264756704,1.0870663716143665,0.6656312663274426,0.6653201442462418,0.20005816568986004
default,R1-6,SHIELD_THR_NORM,1p3,False,42,0.02,1.0918558911230525,1.0850778709890028,0.6906636079467791,0.69049182506692,0.19981310198689195
wide,R1-6,SHIELD_THR_NORM,1p05,False,1,0.0,0.39401505809168297,0.3953468856158481,0.7536700270137943,0.7536700270137943,0.1173192554810291
wide,R1-6,SHIELD_THR_NORM,1p15,False,1,0.013333333333333334,0.3935961802987309,0.39449271505690847,0.7462336866583926,0.7462336866583926,0.11694855641875418
wide,R1-6,SHIELD_THR_NORM,1p1,False,1,0.0,0.3948981610923123,0.3943103817612348,0.7536700270137943,0.7536700270137943,0.1170962233814837
wide,R1-6,SHIELD_THR_NORM,1p2,False,1,0.0,0.39224231230430806,0.39484677316634287,0.7537059036292642,0.7537059036292642,0.11705557182418505
wide,R1-6,SHIELD_THR_NORM,1p3,False,1,0.0,0.39571832540477025,0.3954035818588962,0.7537059036292642,0.7537059036292642,0.11693663161901277
wide,R1-6,SHIELD_THR_NORM,1p05,False,3,0.04666666666666667,0.4780253360436981,0.46668271282767554,0.7031751065966216,0.7031751065966216,0.13373204364804367
wide,R1-6,SHIELD_THR_NORM,1p15,False,3,0.03333333333333333,0.4806354533866356,0.4630860659018463,0.7234511601099819,0.7234511601099819,0.13453678545408296
wide,R1-6,SHIELD_THR_NORM,1p1,False,3,0.04666666666666667,0.4740920547505097,0.46245830134198956,0.7029514765903339,0.7029514765903339,0.1331734514075459
wide,R1-6,SHIELD_THR_NORM,1p2,False,3,0.04,0.48578620922214305,0.46838367978883355,0.714271222915057,0.714271222915057,0.134440117358278
wide,R1-6,SHIELD_THR_NORM,1p3,False,3,0.04,0.47469723708274997,0.4639708799801788,0.7127516313014459,0.7127516313014459,0.13387326133531688
wide,R1-6,SHIELD_THR_NORM,1p05,False,5,0.07333333333333333,0.4774005214787891,0.5094841703497376,0.6338716104428891,0.6338716104428891,0.13170288065214572
wide,R1-6,SHIELD_THR_NORM,1p15,False,5,0.06,0.4931966671292754,0.5049988890430915,0.6709777420262129,0.6709777420262129,0.13191949864447944
wide,R1-6,SHIELD_THR_NORM,1p1,False,5,0.07333333333333333,0.47669065037919534,0.5067419674698436,0.6338716104428891,0.6338716104428891,0.13051169363032222
wide,R1-6,SHIELD_THR_NORM,1p2,False,5,0.08,0.4939397859849665,0.5040445881944875,0.6120695209273063,0.6120695209273063,0.13018371615256283
wide,R1-6,SHIELD_THR_NORM,1p3,False,5,0.08,0.4600911787691721,0.5069655498317739,0.6112387080301547,0.6112387080301547,0.12972896884347093
wide,R1-6,SHIELD_THR_NORM,1p05,False,7,0.0,0.4025167312744581,0.4002487261058346,0.7559095821687639,0.7559095821687639,0.1183623001337093
wide,R1-6,SHIELD_THR_NORM,1p15,False,7,0.0,0.4087770777610932,0.4067334253919463,0.7560391696891491,0.7560391696891491,0.11855171047279586
wide,R1-6,SHIELD_THR_NORM,1p1,False,7,0.0,0.39359447817924387,0.3933788094884894,0.7562658053030297,0.7562658053030297,0.11937177612000321
wide,R1-6,SHIELD_THR_NORM,1p2,False,7,0.0,0.40197852343156765,0.401166765046586,0.7559743833355728,0.7559743833355728,0.11897057359382565
wide,R1-6,SHIELD_THR_NORM,1p3,False,7,0.0,0.40211014968718073,0.3990606033809584,0.7560067783638827,0.7560067783638827,0.11900401936214271
wide,R1-6,SHIELD_THR_NORM,1p05,False,42,0.006666666666666667,0.42432152329611783,0.42538484778848007,0.7505171573932788,0.7505171573932788,0.12821989856902094
wide,R1-6,SHIELD_THR_NORM,1p15,False,42,0.02,0.4286038019294183,0.4274287043774177,0.7421019314777558,0.7421019314777558,0.12721336429170071
wide,R1-6,SHIELD_THR_NORM,1p1,False,42,0.013333333333333334,0.42429391243271447,0.426340602357007,0.7466211388855702,0.7466211388855702,0.12731978458398682
wide,R1-6,SHIELD_THR_NORM,1p2,False,42,0.013333333333333334,0.42453331655092796,0.4268862073418228,0.746691044837865,0.746691044837865,0.128326281085365
wide,R1-6,SHIELD_THR_NORM,1p3,False,42,0.02,0.4238386607711701,0.4236292036222454,0.7421374179222902,0.7421374179222902,0.1273804673569535
default,R4-1,OVERFLOW_MULT,1p1,False,1,0.10666666666666667,1.2452766900576993,1.2135620637810307,0.43909566291627067,0.43785452186080587,0.20414484327875954
default,R4-1,OVERFLOW_MULT,1p25,False,1,0.09333333333333334,1.2395808457059778,1.211120165783608,0.501547330910346,0.5005145725681256,0.2047753266742367
default,R4-1,OVERFLOW_MULT,1p5,False,1,0.10666666666666667,1.248942287826268,1.2167326760175394,0.43751736281645737,0.43625467995065514,0.2040939893858912
default,R4-1,OVERFLOW_MULT,1p1,False,3,0.15333333333333332,1.3627056579927,1.3085410044610708,0.1503846301979514,0.14781871595541304,0.226057714214615
default,R4-1,OVERFLOW_MULT,1p25,False,3,0.12,1.364653651339166,1.3247413929999106,0.3519445342993287,0.350249170964417,0.2273071368453669
default,R4-1,OVERFLOW_MULT,1p5,False,3,0.11333333333333333,1.355011273528849,1.3263086430387843,0.38923828275825534,0.3880577027665868,0.22737820165744163
default,R4-1,OVERFLOW_MULT,1p1,False,5,0.13333333333333333,1.2913532795198173,1.2501798694953246,0.27609309595326137,0.27424930829523453,0.2022915079669144
default,R4-1,OVERFLOW_MULT,1p25,False,5,0.13333333333333333,1.2848364589458785,1.251705771311118,0.2753780085675058,0.2738939097092378,0.20256128738236
default,R4-1,OVERFLOW_MULT,1p5,False,5,0.13333333333333333,1.281778591132936,1.2480228729063483,0.2768361110323092,0.2753253150082283,0.2012396994095344
default,R4-1,OVERFLOW_MULT,1p1,False,7,0.006666666666666667,1.090049784595047,1.0847797989553776,0.706866169528309,0.7067383952216192,0.1959799443663783
default,R4-1,OVERFLOW_MULT,1p25,False,7,0.04,1.0968207473540204,1.0824234526891783,0.6718636416698067,0.6714807905527311,0.195655930942025
default,R4-1,OVERFLOW_MULT,1p5,False,7,0.013333333333333334,1.089854707264109,1.0798682679194591,0.7022355960322499,0.7019902715032925,0.19578029778872585
default,R4-1,OVERFLOW_MULT,1p1,False,42,0.04,1.090369085434975,1.0830136069755438,0.6662414192346267,0.6660431868028175,0.19999159273061093
default,R4-1,OVERFLOW_MULT,1p25,False,42,0.03333333333333333,1.0940426273838455,1.088133403074148,0.675634936498213,0.6754792975581598,0.20014339857667862
default,R4-1,OVERFLOW_MULT,1p5,False,42,0.03333333333333333,1.091695171270559,1.0832262242355808,0.6760628650060312,0.6758400259909338,0.20060968775780363
default,R4-1,OVERFLOW_MULT,1,False,1,0.08666666666666667,1.2523916332676084,1.2231582494999087,0.5290357691569537,0.5280150642290214,0.20524701086399355
default,R4-1,OVERFLOW_MULT,1,False,3,0.12666666666666668,1.3756463401564205,1.3130041453220078,0.3153556185679727,0.31261984572742424,0.227490305135331
default,R4-1,OVERFLOW_MULT,1,False,5,0.12666666666666668,1.2861872105584615,1.2477593575689325,0.3158608143995881,0.31418376514296575,0.20252028748910797
default,R4-1,OVERFLOW_MULT,1,False,7,0.013333333333333334,1.0814591222498486,1.0734937550615324,0.7026453373897813,0.7024498976780068,0.19563562757203867
default,R4-1,OVERFLOW_MULT,1,False,42,0.02666666666666667,1.0956287111262495,1.0854742228286411,0.6838401672257354,0.6835781667916434,0.20007978435995386
default,R4-1,OVERFLOW_MULT,2,False,1,0.12,1.2545936531181667,1.2197001288902292,0.3670423758602619,0.36557864607584245,0.2037186401504095
default,R4-1,OVERFLOW_MULT,2,False,3,0.15333333333333332,1.3688101207249024,1.3049036242794265,0.15153405494430006,0.14850749735449453,0.225471328569943
default,R4-1,OVERFLOW_MULT,2,False,5,0.13333333333333333,1.2975171643744643,1.2648803981662378,0.2744644008779145,0.27300164442474695,0.20060596882997445
default,R4-1,OVERFLOW_MULT,2,False,7,0.02,1.0916037956357563,1.0803100827388477,0.6961827155560666,0.6959006321187531,0.19555391957532692
default,R4-1,OVERFLOW_MULT,2,False,42,0.03333333333333333,1.0940421191680023,1.0867456970956826,0.6753180681915499,0.6751257327481802,0.19992416564496324
default,R4-1,CP_REM_COEFF,0p2,False,1,0.10666666666666667,1.257367876750526,1.2268381356487785,0.4372022823882481,0.43600508907683466,0.20466384315574393
default,R4-1,CP_REM_COEFF,0p3,False,1,0.10666666666666667,1.2460841341818747,1.2120150958012577,0.4395193022409409,0.4381865693087912,0.20442079217153905
default,R4-1,CP_REM_COEFF,0p45,False,1,0.12,1.2453021039427445,1.2158143918997166,0.3671620055075814,0.36592528522203205,0.20368652053637049
default,R4-1,CP_REM_COEFF,0p6,False,1,0.11333333333333333,1.24296924776985,1.2136941681266733,0.4038227208197208,0.4026349719926253,0.20413071045286385
default,R4-1,CP_REM_COEFF,0p8,False,1,0.14,1.2468424221525258,1.2137897356460876,0.25086093816749305,0.24935972392503145,0.20454051411413093
default,R4-1,CP_REM_COEFF,0p2,False,3,0.14,1.3577372754328374,1.2973469959956236,0.2368016625758495,0.23403793908924325,0.22682187442852722
default,R4-1,CP_REM_COEFF,0p3,False,3,0.12666666666666668,1.3754964574575603,1.321430735468878,0.31426710025899984,0.3119044055656936,0.22692301854779914
default,R4-1,CP_REM_COEFF,0p45,False,3,0.14666666666666667,1.3788456506008977,1.318420143773992,0.19274485326631377,0.18992443919097543,0.22662465604399762
default,R4-1,CP_REM_COEFF,0p6,False,3,0.12,1.3623608698651088,1.3271155654353126,0.35101107664203024,0.34951295272792604,0.22736761457064328
default,R4-1,CP_REM_COEFF,0p8,False,3,0.15333333333333332,1.3753690717580322,1.307475573579331,0.15126573958907288,0.14805000358411635,0.226764783107669
default,R4-1,CP_REM_COEFF,0p2,False,5,0.14666666666666667,1.2905128550771068,1.2510769507283515,0.1938641566163639,0.19202463191528799,0.20104816168920683
default,R4-1,CP_REM_COEFF,0p3,False,5,0.1,1.2917984309952082,1.262148099049563,0.4576205391537845,0.45648408249284783,0.20400765459332354
default,R4-1,CP_REM_COEFF,0p45,False,5,0.12,1.2787427333299368,1.253594186663949,0.35448015291832397,0.35341435995873904,0.202487006596985
default,R4-1,CP_REM_COEFF,0p6,False,5,0.08666666666666667,1.2810336678784202,1.260213152064357,0.5198687874421815,0.5191322827962344,0.20552579842891958
default,R4-1,CP_REM_COEFF,0p8,False,5,0.16,1.2902053288482236,1.2606350363222096,0.10876606337361588,0.10735012304860068,0.2017062524828467
default,R4-1,CP_REM_COEFF,0p2,False,7,0.006666666666666667,1.0819539604805775,1.0732512839055943,0.7071205271319888,0.7069096518149491,0.1962754056711068
default,R4-1,CP_REM_COEFF,0p3,False,7,0.0,1.0930259202501238,1.0791698220901111,0.7104354942125972,0.7101028420146602,0.1970340976449863
default,R4-1,CP_REM_COEFF,0p45,False,7,0.02666666666666667,1.0932505577224458,1.0839455168227996,0.6891926020934236,0.6889558389807605,0.19544061573807292
default,R4-1,CP_REM_COEFF,0p6,False,7,0.02,1.0803775752235865,1.0717448520375423,0.6971425487593009,0.6969275077288893,0.1959392800856288
default,R4-1,CP_REM_COEFF,0p8,False,7,0.013333333333333334,1.0840261894756331,1.074157776843925,0.7023251333390984,0.7020827693386458,0.1955524396087431
default,R4-1,CP_REM_COEFF,0p2,False,42,0.03333333333333333,1.0938360685938953,1.0862469973543023,0.6762819596635614,0.6760823870723389,0.20032523871646768
default,R4-1,CP_REM_COEFF,0p3,False,42,0.03333333333333333,1.0936108674341336,1.0867275487214187,0.6764592113479717,0.6762782823463543,0.1998174529119197
default,R4-1,CP_REM_COEFF,0p45,False,42,0.02,1.09496690430888,1.0870026646595623,0.6900128470267932,0.6898106457220793,0.20046738392711416
default,R4-1,CP_REM_COEFF,0p6,False,42,0.02,1.0941489363302481,1.0899553193015037,0.6904091900201798,0.6903028443287111,0.20027474725358782
default,R4-1,CP_REM_COEFF,0p8,False,42,0.02,1.0924798492070833,1.0863475905827056,0.6905791275312767,0.6904236795875668,0.20045529149290936
