algo,label,kind,dag,n,AppTO_mean_pct,AppTO_std_pct,D_succ_mean,D_succ_std,D_all_mean,D_all_std,E_mean,E_std,Util_succ_mean,Util_succ_std,Util_all_mean,Util_all_std
CPGAPPO,CPGAPPO,research,chain,5,7.33333333333333,6.863753427324666,1.3804382377910884,0.15885971331321022,1.3564776999026311,0.136546454039613,0.20793550525940666,0.014142947087212155,0.4763429396109502,0.24508587527397402,0.4773750217113945,0.24398218400319424
CPGAPPO,CPGAPPO,research,default,5,8.666666666666664,5.537749241945384,1.2215973410626977,0.11936176493779749,1.1945326920110713,0.10232529080900042,0.20550963808398487,0.01200483699006364,0.4669341256865903,0.23779792474428255,0.468037270007631,0.23686895959482868
CPGAPPO,CPGAPPO,research,wide,5,2.666666666666664,2.9439202887759457,0.4313619362048514,0.03608782568991175,0.4393676298941324,0.04653000827854614,0.12595348472931414,0.007490434042801373,0.7217487979507959,0.04378176766741296,0.7217487979507959,0.04378176766741296
DGMA_adapt,DGMA_adapt,ext_rl,chain,5,12.666666666666668,6.4635731432217725,1.4035312536139806,0.15498425172061003,1.3643909491454334,0.12796618532148096,0.20860456910151942,0.012568686191932415,0.2586559208280338,0.3570576601482186,0.26039196814412446,0.3556455760337375
DGMA_adapt,DGMA_adapt,ext_rl,default,5,13.73333333333333,5.448751131120679,1.2412880280674716,0.10818841523370078,1.2032257516314122,0.08621925197882495,0.20537980473757358,0.012360568583001321,0.22293781658884532,0.30330473826426224,0.22467318895157867,0.3022672979472487
DGMA_adapt,DGMA_adapt,ext_rl,wide,5,5.066666666666667,5.366563145999496,0.4494792183275947,0.039076835874897936,0.44912583699672937,0.04075134362927533,0.1269295704723697,0.00657668420822866,0.6440836635247438,0.15416733372303948,0.6440836635247438,0.15416733372303948
DGMA_paper,DGMA_paper,ext_rl,chain,5,70.13333333333333,13.665853634352867,1.4526047813241263,0.1454211103645118,1.5549957853965704,0.0493319928807069,0.344706815982283,0.03151594871199576,-0.6603680608353063,0.05841883683703181,-0.6631252182830274,0.05844323840607959
DGMA_paper,DGMA_paper,ext_rl,default,5,70.66666666666666,13.872434697789874,1.2455252915834412,0.10298071500974051,1.3668436899050722,0.04442608823218779,0.3309486816707729,0.03471086921426308,-0.6536969519258513,0.058082176660344015,-0.6569318477069527,0.05867502030650584
DGMA_paper,DGMA_paper,ext_rl,wide,5,61.06666666666668,16.71060873949374,0.39976275900968694,0.0472333718253546,0.5050468995791056,0.01264558715499811,0.20975797466024595,0.027032438975581902,-0.5745264153667671,0.07962303672158091,-0.5745264153667671,0.07962303672158091
TransEdgeStyle,TransEdgeStyle,ext_rl,chain,5,14.266666666666666,6.8084914302329524,1.4085553736781353,0.14562377679342403,1.373012406550909,0.1255910968012557,0.20696340670897556,0.012729336054778027,0.17710035909017666,0.39753552164548794,0.17860667021301957,0.3965744563697634
TransEdgeStyle,TransEdgeStyle,ext_rl,default,5,14.666666666666668,6.110100926607787,1.248840409884615,0.11568465156622337,1.2101362714326154,0.09453124712260325,0.20581312468497578,0.011424691591215577,0.16579799057672934,0.3613808828888827,0.16754687699721843,0.3602793453968464
TransEdgeStyle,TransEdgeStyle,ext_rl,wide,5,6.0,5.120763831912406,0.4433325199885772,0.023698481563721556,0.45707490133395073,0.038648741464519576,0.1268768582488849,0.007066223623086095,0.6251200543258848,0.16754852152745572,0.6251200543258848,0.16754852152745572
GATDQN,GATDQN,ext_rl,chain,5,24.133333333333333,15.270887335056859,1.423001642780481,0.1254179846383879,1.4241798499497826,0.11063492226068768,0.235262534557562,0.037638932526883606,-0.11278576166384632,0.4831539501247013,-0.11279237138683613,0.48330370220962654
GATDQN,GATDQN,ext_rl,default,5,25.06666666666667,15.23592246414156,1.2589728754619014,0.1163201870531256,1.240146263615523,0.09764928802399336,0.22391617211567055,0.04168971803402453,-0.1670556968247836,0.39488511783091207,-0.16628900052826429,0.3950498530257426
GATDQN,GATDQN,ext_rl,wide,5,11.866666666666667,12.555653883587444,0.4077282714440704,0.029612052968137372,0.4560174293889516,0.040399076321242185,0.13987330164242776,0.03436016466247542,0.36487760884177733,0.5047503732728258,0.36487760884177733,0.5047503732728258
PPO,PPO,ext_rl,chain,5,60.4,28.05391634375176,1.0975173201596025,0.28929646077240684,1.4672589947718206,0.12459038038447103,0.23768319399818214,0.07531347543636153,-0.5784957803169929,0.14705998731731784,-0.5879700552170528,0.15156693489859716
PPO,PPO,ext_rl,default,5,83.46666666666665,14.200156493660359,1.0515822968399253,0.1865537624948692,1.3767610217814377,0.047901664429126405,0.17286088375125236,0.04967064199569171,-0.6838030997261565,0.0487334619907498,-0.691944672336483,0.049259476638111414
PPO,PPO,ext_rl,wide,5,65.2,27.257618710697706,0.3725034586022832,0.05484740968861763,0.5124106343456774,0.016487397932512436,0.13419714987252615,0.06564793656121706,-0.5142026792957421,0.2972124669156346,-0.5142026792957421,0.2972124669156346
HybridPSOGA,HybridPSOGA,heuristic,chain,5,9.066666666666666,10.807404868885037,1.3619640847981607,0.2793496809631618,1.3192321635082838,0.22876156232614006,0.2216573135420477,0.014123450612731509,0.32749046123350467,0.5058744350368112,0.3293540120030928,0.5035528771009671
HybridPSOGA,HybridPSOGA,heuristic,default,5,19.999999999999996,26.24245923435276,1.2772173767189918,0.19271912229724344,1.2460440744054937,0.16359970224712644,0.2191317950104526,0.010949529498514025,0.15698295798873824,0.6489837080986465,0.15807654483091332,0.6480157134586075
HybridPSOGA,HybridPSOGA,heuristic,wide,5,21.066666666666663,20.442874335844042,0.3355271310053639,0.03946760950126816,0.4651474306063462,0.03793846389578153,0.12904348110071268,0.0063150068252672015,0.18640561840543962,0.6179057447205825,0.18640561840543962,0.6179057447205825
Genetic,Genetic,heuristic,chain,5,24.666666666666668,22.25109235770485,1.4354799280960333,0.1977316965642543,1.4218086236863796,0.1716284535421362,0.25792226150902264,0.011981648615281996,-0.043775036526429466,0.6656341271258339,-0.043403032311902526,0.6653918052369651
Genetic,Genetic,heuristic,default,5,22.4,19.405612017604025,1.3299143380026017,0.1217339869016716,1.2939185444004442,0.10932585830239538,0.26679831590511477,0.010627754171672723,0.010848267945350053,0.6095581505000699,0.01214567180315942,0.608984097074731
Genetic,Genetic,heuristic,wide,5,16.666666666666668,6.976149845485449,0.36739471416644004,0.03295231165782207,0.4657221545489486,0.02950986787220591,0.1502048441079028,0.004195932387470855,0.16091242299817446,0.37548638614034835,0.16091242299817446,0.37548638614034835
Greedy,Greedy,heuristic,chain,5,50.4,37.0273172431142,1.4352883844376705,0.19149982563206952,1.489226875741805,0.11981305381748618,0.1765507652841717,0.02554596013631459,-0.30106059003058033,0.49945828492749406,-0.30302262271936503,0.49950510622339095
Greedy,Greedy,heuristic,default,5,64.93333333333334,28.885213441405547,1.2591454903257344,0.08691202474119619,1.380527266977305,0.051028863234498206,0.16780245969397384,0.02614041037898581,-0.6114719501536758,0.11019675548374817,-0.6149273311669761,0.11033064199217363
Greedy,Greedy,heuristic,wide,5,41.46666666666667,19.301122592567857,0.4679080086503804,0.3535253719991145,0.48035225243446983,0.031225863833072378,0.09477742262549478,0.010068106787771121,-0.4726718473723005,0.11949404618476785,-0.4703212818378238,0.11559942424526123
Edge-only,Edge-only,heuristic,chain,5,44.93333333333333,47.32300356768013,1.3181481392764849,0.2140189799960665,1.505451993175276,0.13078567653242487,0.2503711232715131,0.03772940320541361,-0.10718262527702402,0.6995137578759889,-0.11110002842543598,0.7050181583616694
Edge-only,Edge-only,heuristic,default,5,58.0,42.2558345741219,1.2810130454188118,0.17118546338683582,1.4071278562973544,0.035916599349772836,0.23956723941159525,0.04285104272048412,-0.3401405249228876,0.48725042023215576,-0.34248239503814615,0.49193877081265097
Edge-only,Edge-only,heuristic,wide,5,44.93333333333334,19.45136384821269,0.4746536525961572,0.3507373068284832,0.4888203321817651,0.0259468471607334,0.13113694470717324,0.01578719905764876,-0.49890899813393397,0.10369735094305504,-0.4966252870164832,0.09967907121598571
Local-only,Local-only,heuristic,chain,5,100.0,0.0,1.1,0.0,1.6264800000000013,0.00877640776931716,0.4082411961010304,0.012109121657086686,-0.7606286719052557,0.003991754904410412,-0.771170095540073,0.003968120634782635
Local-only,Local-only,heuristic,default,5,100.0,0.0,1.1,0.0,1.438733333333333,0.005708862505886592,0.39416289530470977,0.01907574759507827,-0.7589896899082088,0.00516476244059474,-0.7658604731019262,0.005042632172095152
Local-only,Local-only,heuristic,wide,5,92.53333333333333,7.935853941308256,1.1,0.0,0.5267333333333328,0.01052246274510958,0.24276789945661825,0.005673084198830594,-0.7175345411721168,0.027323896917202384,-0.7080132108643289,0.028085122856024037
